benchmark_id,timestamp,device,runtime_backend,run_name,run_dir,experiment_name,model_label,training_label,model_type,seq_len,num_ports,execution_mode,requested_precision_profile,effective_execution_dtype,batch_size,num_threads,status,skip_reason,graph_prep_time_ms,warmup_iters,measure_iters,mean_latency_ms,std_latency_ms,min_latency_ms,p50_latency_ms,p90_latency_ms,p95_latency_ms,p99_latency_ms,max_latency_ms,throughput_samples_per_sec,samples_per_ms,p50_latency_us,latency_per_sample_us,throughput_per_thread,trainable_parameters,macs_per_sample,flops_per_sample_estimate,thread_group,threads_per_physical_core_ratio,threads_per_logical_cpu_ratio,cpu_model_name,cpu_capability,cpu_flag_summary,mkldnn_available,mkldnn_enabled,onednn_version,onnxruntime_version,onnxruntime_providers,openvino_version,openvino_device,logical_cpu_count,physical_cpu_count,hostname,python_version,pytorch_version
20260506_120222,2026-05-06T12:29:31.763922,cpu,onnxruntime,separator3_grid_search_6ports_learned_dense_hd32_depth2_stages5,/home/liangyi/SRS_AI/Model_AIIC_refactor/experiments_refactored/20260506_051851_default_6port_separator3_learned_dense_v2/separator3_grid_search_6ports_learned_dense_hd32_depth2_stages5,default_6port_separator3_learned_dense_v2,separator3_grid_search_6ports_learned_dense_hd32_depth2_stages5,supervised_nmse_plateau,separator3,12,6,onnxruntime,fp32,float32,1,1,ok,,5.936977,20,50,0.0256712,0.0025735617264794723,0.02328,0.0247135,0.0311131,0.03186725,0.03369244999999999,0.035062,38954.15874598772,38.95415874598772,24.7135,24.7135,38954.15874598772,43840,42240,86296,single-thread,0.0078125,0.00390625,Intel(R) Xeon(R) 6760P,AVX512,"avx2,avx512f,avx512bw,avx512vl,avx512_vnni,avx512_bf16,amx_bf16,amx_int8,amx_tile,fma",True,True,,1.23.2,CPUExecutionProvider,,,256,128,sh14l07002s1404,3.11.9,2.1.2+cu121
20260506_120222,2026-05-06T12:29:31.763922,cpu,onnxruntime,separator3_grid_search_6ports_learned_dense_hd32_depth2_stages5,/home/liangyi/SRS_AI/Model_AIIC_refactor/experiments_refactored/20260506_051851_default_6port_separator3_learned_dense_v2/separator3_grid_search_6ports_learned_dense_hd32_depth2_stages5,default_6port_separator3_learned_dense_v2,separator3_grid_search_6ports_learned_dense_hd32_depth2_stages5,supervised_nmse_plateau,separator3,12,6,onnxruntime,fp32,float32,1,2,ok,,5.367949,20,50,0.02539646,0.0018980791259586621,0.023553,0.025177,0.025606,0.0256876,0.032323409999999976,0.038395,39375.56651596325,39.37556651596325,25.177000000000003,25.177000000000003,19687.783257981624,43840,42240,86296,sub-physical,0.015625,0.0078125,Intel(R) Xeon(R) 6760P,AVX512,"avx2,avx512f,avx512bw,avx512vl,avx512_vnni,avx512_bf16,amx_bf16,amx_int8,amx_tile,fma",True,True,,1.23.2,CPUExecutionProvider,,,256,128,sh14l07002s1404,3.11.9,2.1.2+cu121
20260506_120222,2026-05-06T12:29:31.763922,cpu,onnxruntime,separator3_grid_search_6ports_learned_dense_hd32_depth2_stages5,/home/liangyi/SRS_AI/Model_AIIC_refactor/experiments_refactored/20260506_051851_default_6port_separator3_learned_dense_v2/separator3_grid_search_6ports_learned_dense_hd32_depth2_stages5,default_6port_separator3_learned_dense_v2,separator3_grid_search_6ports_learned_dense_hd32_depth2_stages5,supervised_nmse_plateau,separator3,12,6,onnxruntime,fp32,float32,1,4,ok,,5.611723,20,50,0.02526246,0.0023678057961750163,0.024169,0.0248235,0.0252255,0.02536395,0.03596060999999998,0.040474,39584.42685312515,39.58442685312515,24.8235,24.8235,9896.106713281288,43840,42240,86296,sub-physical,0.03125,0.015625,Intel(R) Xeon(R) 6760P,AVX512,"avx2,avx512f,avx512bw,avx512vl,avx512_vnni,avx512_bf16,amx_bf16,amx_int8,amx_tile,fma",True,True,,1.23.2,CPUExecutionProvider,,,256,128,sh14l07002s1404,3.11.9,2.1.2+cu121
20260506_120222,2026-05-06T12:29:31.763922,cpu,onnxruntime,separator3_grid_search_6ports_learned_dense_hd32_depth2_stages5,/home/liangyi/SRS_AI/Model_AIIC_refactor/experiments_refactored/20260506_051851_default_6port_separator3_learned_dense_v2/separator3_grid_search_6ports_learned_dense_hd32_depth2_stages5,default_6port_separator3_learned_dense_v2,separator3_grid_search_6ports_learned_dense_hd32_depth2_stages5,supervised_nmse_plateau,separator3,12,6,onnxruntime,fp32,float32,1,8,ok,,6.202403,20,50,0.02535146,0.0017905006474168061,0.023354,0.024943,0.0254321,0.028501749999999985,0.0328964,0.03321,39445.459945896604,39.4454599458966,24.943,24.943,4930.6824932370755,43840,42240,86296,sub-physical,0.0625,0.03125,Intel(R) Xeon(R) 6760P,AVX512,"avx2,avx512f,avx512bw,avx512vl,avx512_vnni,avx512_bf16,amx_bf16,amx_int8,amx_tile,fma",True,True,,1.23.2,CPUExecutionProvider,,,256,128,sh14l07002s1404,3.11.9,2.1.2+cu121
20260506_120222,2026-05-06T12:29:31.763922,cpu,onnxruntime,separator3_grid_search_6ports_learned_dense_hd32_depth2_stages5,/home/liangyi/SRS_AI/Model_AIIC_refactor/experiments_refactored/20260506_051851_default_6port_separator3_learned_dense_v2/separator3_grid_search_6ports_learned_dense_hd32_depth2_stages5,default_6port_separator3_learned_dense_v2,separator3_grid_search_6ports_learned_dense_hd32_depth2_stages5,supervised_nmse_plateau,separator3,12,6,onnxruntime,fp32,float32,2,1,ok,,5.143366,20,50,0.02548066,0.0009433611314867707,0.023967,0.0253995,0.0258762,0.02601845,0.02912652999999999,0.031431,78490.90251194435,78.49090251194436,25.3995,12.69975,78490.90251194435,43840,42240,86296,single-thread,0.0078125,0.00390625,Intel(R) Xeon(R) 6760P,AVX512,"avx2,avx512f,avx512bw,avx512vl,avx512_vnni,avx512_bf16,amx_bf16,amx_int8,amx_tile,fma",True,True,,1.23.2,CPUExecutionProvider,,,256,128,sh14l07002s1404,3.11.9,2.1.2+cu121
20260506_120222,2026-05-06T12:29:31.763922,cpu,onnxruntime,separator3_grid_search_6ports_learned_dense_hd32_depth2_stages5,/home/liangyi/SRS_AI/Model_AIIC_refactor/experiments_refactored/20260506_051851_default_6port_separator3_learned_dense_v2/separator3_grid_search_6ports_learned_dense_hd32_depth2_stages5,default_6port_separator3_learned_dense_v2,separator3_grid_search_6ports_learned_dense_hd32_depth2_stages5,supervised_nmse_plateau,separator3,12,6,onnxruntime,fp32,float32,2,2,ok,,5.372568,20,50,0.02652186,0.002263234950331052,0.025058,0.026041500000000002,0.0263761,0.029324999999999986,0.03613248999999998,0.040101,75409.49239608384,75.40949239608383,26.041500000000003,13.020750000000001,37704.74619804192,43840,42240,86296,sub-physical,0.015625,0.0078125,Intel(R) Xeon(R) 6760P,AVX512,"avx2,avx512f,avx512bw,avx512vl,avx512_vnni,avx512_bf16,amx_bf16,amx_int8,amx_tile,fma",True,True,,1.23.2,CPUExecutionProvider,,,256,128,sh14l07002s1404,3.11.9,2.1.2+cu121
20260506_120222,2026-05-06T12:29:31.763922,cpu,onnxruntime,separator3_grid_search_6ports_learned_dense_hd32_depth2_stages5,/home/liangyi/SRS_AI/Model_AIIC_refactor/experiments_refactored/20260506_051851_default_6port_separator3_learned_dense_v2/separator3_grid_search_6ports_learned_dense_hd32_depth2_stages5,default_6port_separator3_learned_dense_v2,separator3_grid_search_6ports_learned_dense_hd32_depth2_stages5,supervised_nmse_plateau,separator3,12,6,onnxruntime,fp32,float32,2,4,ok,,5.565349,20,50,0.02728296,0.002410789297802692,0.026011,0.0266815,0.0273785,0.03263919999999999,0.03705870999999999,0.040156,73305.82898629767,73.30582898629767,26.6815,13.34075,18326.457246574417,43840,42240,86296,sub-physical,0.03125,0.015625,Intel(R) Xeon(R) 6760P,AVX512,"avx2,avx512f,avx512bw,avx512vl,avx512_vnni,avx512_bf16,amx_bf16,amx_int8,amx_tile,fma",True,True,,1.23.2,CPUExecutionProvider,,,256,128,sh14l07002s1404,3.11.9,2.1.2+cu121
20260506_120222,2026-05-06T12:29:31.763922,cpu,onnxruntime,separator3_grid_search_6ports_learned_dense_hd32_depth2_stages5,/home/liangyi/SRS_AI/Model_AIIC_refactor/experiments_refactored/20260506_051851_default_6port_separator3_learned_dense_v2/separator3_grid_search_6ports_learned_dense_hd32_depth2_stages5,default_6port_separator3_learned_dense_v2,separator3_grid_search_6ports_learned_dense_hd32_depth2_stages5,supervised_nmse_plateau,separator3,12,6,onnxruntime,fp32,float32,2,8,ok,,6.298631,20,50,0.02706858,0.0007881333158799976,0.026027,0.026996,0.0273943,0.02754895,0.029897949999999993,0.032076,73886.40261144102,73.88640261144103,26.996,13.498,9235.800326430128,43840,42240,86296,sub-physical,0.0625,0.03125,Intel(R) Xeon(R) 6760P,AVX512,"avx2,avx512f,avx512bw,avx512vl,avx512_vnni,avx512_bf16,amx_bf16,amx_int8,amx_tile,fma",True,True,,1.23.2,CPUExecutionProvider,,,256,128,sh14l07002s1404,3.11.9,2.1.2+cu121
20260506_120222,2026-05-06T12:29:31.763922,cpu,onnxruntime,separator3_grid_search_6ports_learned_dense_hd32_depth2_stages5,/home/liangyi/SRS_AI/Model_AIIC_refactor/experiments_refactored/20260506_051851_default_6port_separator3_learned_dense_v2/separator3_grid_search_6ports_learned_dense_hd32_depth2_stages5,default_6port_separator3_learned_dense_v2,separator3_grid_search_6ports_learned_dense_hd32_depth2_stages5,supervised_nmse_plateau,separator3,12,6,onnxruntime,fp32,float32,4,1,ok,,5.262116,20,50,0.02899202,0.0004444515492154346,0.027423,0.0289305,0.029396799999999997,0.02966025,0.030260099999999998,0.030461,137968.9997454472,137.96899974544718,28.930500000000002,7.2326250000000005,137968.9997454472,43840,42240,86296,single-thread,0.0078125,0.00390625,Intel(R) Xeon(R) 6760P,AVX512,"avx2,avx512f,avx512bw,avx512vl,avx512_vnni,avx512_bf16,amx_bf16,amx_int8,amx_tile,fma",True,True,,1.23.2,CPUExecutionProvider,,,256,128,sh14l07002s1404,3.11.9,2.1.2+cu121
20260506_120222,2026-05-06T12:29:31.763922,cpu,onnxruntime,separator3_grid_search_6ports_learned_dense_hd32_depth2_stages5,/home/liangyi/SRS_AI/Model_AIIC_refactor/experiments_refactored/20260506_051851_default_6port_separator3_learned_dense_v2/separator3_grid_search_6ports_learned_dense_hd32_depth2_stages5,default_6port_separator3_learned_dense_v2,separator3_grid_search_6ports_learned_dense_hd32_depth2_stages5,supervised_nmse_plateau,separator3,12,6,onnxruntime,fp32,float32,4,2,ok,,5.401673,20,50,0.03050096,0.0023472366217320317,0.028524,0.02996,0.030653899999999998,0.033472199999999994,0.040529639999999985,0.044775,131143.41319092907,131.14341319092907,29.96,7.49,65571.70659546454,43840,42240,86296,sub-physical,0.015625,0.0078125,Intel(R) Xeon(R) 6760P,AVX512,"avx2,avx512f,avx512bw,avx512vl,avx512_vnni,avx512_bf16,amx_bf16,amx_int8,amx_tile,fma",True,True,,1.23.2,CPUExecutionProvider,,,256,128,sh14l07002s1404,3.11.9,2.1.2+cu121
20260506_120222,2026-05-06T12:29:31.763922,cpu,onnxruntime,separator3_grid_search_6ports_learned_dense_hd32_depth2_stages5,/home/liangyi/SRS_AI/Model_AIIC_refactor/experiments_refactored/20260506_051851_default_6port_separator3_learned_dense_v2/separator3_grid_search_6ports_learned_dense_hd32_depth2_stages5,default_6port_separator3_learned_dense_v2,separator3_grid_search_6ports_learned_dense_hd32_depth2_stages5,supervised_nmse_plateau,separator3,12,6,onnxruntime,fp32,float32,4,4,ok,,5.644221,20,50,0.0292602,0.0012086459034804198,0.027482,0.0291695,0.0295372,0.0296997,0.0346281,0.034927,136704.46545136397,136.70446545136397,29.1695,7.292375,34176.11636284099,43840,42240,86296,sub-physical,0.03125,0.015625,Intel(R) Xeon(R) 6760P,AVX512,"avx2,avx512f,avx512bw,avx512vl,avx512_vnni,avx512_bf16,amx_bf16,amx_int8,amx_tile,fma",True,True,,1.23.2,CPUExecutionProvider,,,256,128,sh14l07002s1404,3.11.9,2.1.2+cu121
20260506_120222,2026-05-06T12:29:31.763922,cpu,onnxruntime,separator3_grid_search_6ports_learned_dense_hd32_depth2_stages5,/home/liangyi/SRS_AI/Model_AIIC_refactor/experiments_refactored/20260506_051851_default_6port_separator3_learned_dense_v2/separator3_grid_search_6ports_learned_dense_hd32_depth2_stages5,default_6port_separator3_learned_dense_v2,separator3_grid_search_6ports_learned_dense_hd32_depth2_stages5,supervised_nmse_plateau,separator3,12,6,onnxruntime,fp32,float32,4,8,ok,,6.290333,20,50,0.03104606,0.0019543976914640484,0.029391,0.0305425,0.0310088,0.0370028,0.0381382,0.038589,128840.82553470554,128.84082553470554,30.5425,7.635625,16105.103191838192,43840,42240,86296,sub-physical,0.0625,0.03125,Intel(R) Xeon(R) 6760P,AVX512,"avx2,avx512f,avx512bw,avx512vl,avx512_vnni,avx512_bf16,amx_bf16,amx_int8,amx_tile,fma",True,True,,1.23.2,CPUExecutionProvider,,,256,128,sh14l07002s1404,3.11.9,2.1.2+cu121
20260506_120222,2026-05-06T12:29:31.763922,cpu,onnxruntime,separator3_grid_search_6ports_learned_dense_hd32_depth2_stages5,/home/liangyi/SRS_AI/Model_AIIC_refactor/experiments_refactored/20260506_051851_default_6port_separator3_learned_dense_v2/separator3_grid_search_6ports_learned_dense_hd32_depth2_stages5,default_6port_separator3_learned_dense_v2,separator3_grid_search_6ports_learned_dense_hd32_depth2_stages5,supervised_nmse_plateau,separator3,12,6,onnxruntime,fp32,float32,8,1,ok,,5.282005,20,50,0.03583016,0.001407127575737183,0.033273,0.0358005,0.0365042,0.037294999999999995,0.04075091999999999,0.043491,223275.5868240611,223.2755868240611,35.8005,4.4750625,223275.5868240611,43840,42240,86296,single-thread,0.0078125,0.00390625,Intel(R) Xeon(R) 6760P,AVX512,"avx2,avx512f,avx512bw,avx512vl,avx512_vnni,avx512_bf16,amx_bf16,amx_int8,amx_tile,fma",True,True,,1.23.2,CPUExecutionProvider,,,256,128,sh14l07002s1404,3.11.9,2.1.2+cu121
20260506_120222,2026-05-06T12:29:31.763922,cpu,onnxruntime,separator3_grid_search_6ports_learned_dense_hd32_depth2_stages5,/home/liangyi/SRS_AI/Model_AIIC_refactor/experiments_refactored/20260506_051851_default_6port_separator3_learned_dense_v2/separator3_grid_search_6ports_learned_dense_hd32_depth2_stages5,default_6port_separator3_learned_dense_v2,separator3_grid_search_6ports_learned_dense_hd32_depth2_stages5,supervised_nmse_plateau,separator3,12,6,onnxruntime,fp32,float32,8,2,ok,,5.474294,20,50,0.03737844,0.0023065201768898537,0.034991,0.03714,0.037636800000000005,0.03786965,0.04672978999999998,0.052477,214027.1236573811,214.0271236573811,37.14,4.6425,107013.56182869055,43840,42240,86296,sub-physical,0.015625,0.0078125,Intel(R) Xeon(R) 6760P,AVX512,"avx2,avx512f,avx512bw,avx512vl,avx512_vnni,avx512_bf16,amx_bf16,amx_int8,amx_tile,fma",True,True,,1.23.2,CPUExecutionProvider,,,256,128,sh14l07002s1404,3.11.9,2.1.2+cu121
20260506_120222,2026-05-06T12:29:31.763922,cpu,onnxruntime,separator3_grid_search_6ports_learned_dense_hd32_depth2_stages5,/home/liangyi/SRS_AI/Model_AIIC_refactor/experiments_refactored/20260506_051851_default_6port_separator3_learned_dense_v2/separator3_grid_search_6ports_learned_dense_hd32_depth2_stages5,default_6port_separator3_learned_dense_v2,separator3_grid_search_6ports_learned_dense_hd32_depth2_stages5,supervised_nmse_plateau,separator3,12,6,onnxruntime,fp32,float32,8,4,ok,,5.707958,20,50,0.0359829,0.0020855279259698253,0.033803,0.036352999999999996,0.0367555,0.036795749999999995,0.042793659999999976,0.048265,222327.82794049397,222.32782794049396,36.352999999999994,4.544124999999999,55581.95698512349,43840,42240,86296,sub-physical,0.03125,0.015625,Intel(R) Xeon(R) 6760P,AVX512,"avx2,avx512f,avx512bw,avx512vl,avx512_vnni,avx512_bf16,amx_bf16,amx_int8,amx_tile,fma",True,True,,1.23.2,CPUExecutionProvider,,,256,128,sh14l07002s1404,3.11.9,2.1.2+cu121
20260506_120222,2026-05-06T12:29:31.763922,cpu,onnxruntime,separator3_grid_search_6ports_learned_dense_hd32_depth2_stages5,/home/liangyi/SRS_AI/Model_AIIC_refactor/experiments_refactored/20260506_051851_default_6port_separator3_learned_dense_v2/separator3_grid_search_6ports_learned_dense_hd32_depth2_stages5,default_6port_separator3_learned_dense_v2,separator3_grid_search_6ports_learned_dense_hd32_depth2_stages5,supervised_nmse_plateau,separator3,12,6,onnxruntime,fp32,float32,8,8,ok,,6.542749,20,50,0.03686856,0.0019155711123317767,0.034421,0.0370205,0.037734500000000004,0.03989079999999999,0.043659729999999994,0.045043,216987.04804310232,216.9870480431023,37.0205,4.6275625,27123.38100538779,43840,42240,86296,sub-physical,0.0625,0.03125,Intel(R) Xeon(R) 6760P,AVX512,"avx2,avx512f,avx512bw,avx512vl,avx512_vnni,avx512_bf16,amx_bf16,amx_int8,amx_tile,fma",True,True,,1.23.2,CPUExecutionProvider,,,256,128,sh14l07002s1404,3.11.9,2.1.2+cu121
20260506_120222,2026-05-06T12:29:31.763922,cpu,onnxruntime,separator3_grid_search_6ports_learned_dense_hd32_depth2_stages5,/home/liangyi/SRS_AI/Model_AIIC_refactor/experiments_refactored/20260506_051851_default_6port_separator3_learned_dense_v2/separator3_grid_search_6ports_learned_dense_hd32_depth2_stages5,default_6port_separator3_learned_dense_v2,separator3_grid_search_6ports_learned_dense_hd32_depth2_stages5,supervised_nmse_plateau,separator3,12,6,onnxruntime,fp32,float32,16,1,ok,,5.278364,20,50,0.04670234,0.0015063410053503818,0.044835,0.0463975,0.0482643,0.04855345,0.050769129999999996,0.051633,342595.2532571173,342.5952532571173,46.3975,2.89984375,342595.2532571173,43840,42240,86296,single-thread,0.0078125,0.00390625,Intel(R) Xeon(R) 6760P,AVX512,"avx2,avx512f,avx512bw,avx512vl,avx512_vnni,avx512_bf16,amx_bf16,amx_int8,amx_tile,fma",True,True,,1.23.2,CPUExecutionProvider,,,256,128,sh14l07002s1404,3.11.9,2.1.2+cu121
20260506_120222,2026-05-06T12:29:31.763922,cpu,onnxruntime,separator3_grid_search_6ports_learned_dense_hd32_depth2_stages5,/home/liangyi/SRS_AI/Model_AIIC_refactor/experiments_refactored/20260506_051851_default_6port_separator3_learned_dense_v2/separator3_grid_search_6ports_learned_dense_hd32_depth2_stages5,default_6port_separator3_learned_dense_v2,separator3_grid_search_6ports_learned_dense_hd32_depth2_stages5,supervised_nmse_plateau,separator3,12,6,onnxruntime,fp32,float32,16,2,ok,,5.382587,20,50,0.07180074,0.005468433182585301,0.063954,0.070186,0.0797905,0.0824686,0.08432257,0.085698,222838.92895811377,222.83892895811377,70.18599999999999,4.3866249999999996,111419.46447905689,43840,42240,86296,sub-physical,0.015625,0.0078125,Intel(R) Xeon(R) 6760P,AVX512,"avx2,avx512f,avx512bw,avx512vl,avx512_vnni,avx512_bf16,amx_bf16,amx_int8,amx_tile,fma",True,True,,1.23.2,CPUExecutionProvider,,,256,128,sh14l07002s1404,3.11.9,2.1.2+cu121
20260506_120222,2026-05-06T12:29:31.763922,cpu,onnxruntime,separator3_grid_search_6ports_learned_dense_hd32_depth2_stages5,/home/liangyi/SRS_AI/Model_AIIC_refactor/experiments_refactored/20260506_051851_default_6port_separator3_learned_dense_v2/separator3_grid_search_6ports_learned_dense_hd32_depth2_stages5,default_6port_separator3_learned_dense_v2,separator3_grid_search_6ports_learned_dense_hd32_depth2_stages5,supervised_nmse_plateau,separator3,12,6,onnxruntime,fp32,float32,16,4,ok,,5.676044,20,50,0.07046776,0.006090831321125221,0.061852,0.068463,0.0791835,0.08174124999999999,0.08695425,0.08704,227054.18761714577,227.05418761714577,68.463,4.2789375,56763.54690428644,43840,42240,86296,sub-physical,0.03125,0.015625,Intel(R) Xeon(R) 6760P,AVX512,"avx2,avx512f,avx512bw,avx512vl,avx512_vnni,avx512_bf16,amx_bf16,amx_int8,amx_tile,fma",True,True,,1.23.2,CPUExecutionProvider,,,256,128,sh14l07002s1404,3.11.9,2.1.2+cu121
20260506_120222,2026-05-06T12:29:31.763922,cpu,onnxruntime,separator3_grid_search_6ports_learned_dense_hd32_depth2_stages5,/home/liangyi/SRS_AI/Model_AIIC_refactor/experiments_refactored/20260506_051851_default_6port_separator3_learned_dense_v2/separator3_grid_search_6ports_learned_dense_hd32_depth2_stages5,default_6port_separator3_learned_dense_v2,separator3_grid_search_6ports_learned_dense_hd32_depth2_stages5,supervised_nmse_plateau,separator3,12,6,onnxruntime,fp32,float32,16,8,ok,,6.513112,20,50,0.07346658,0.00586279726782361,0.065649,0.073114,0.0815161,0.08382869999999999,0.08854077999999999,0.091715,217786.10083659808,217.78610083659808,73.114,4.569625,27223.26260457476,43840,42240,86296,sub-physical,0.0625,0.03125,Intel(R) Xeon(R) 6760P,AVX512,"avx2,avx512f,avx512bw,avx512vl,avx512_vnni,avx512_bf16,amx_bf16,amx_int8,amx_tile,fma",True,True,,1.23.2,CPUExecutionProvider,,,256,128,sh14l07002s1404,3.11.9,2.1.2+cu121
20260506_120222,2026-05-06T12:29:31.763922,cpu,onnxruntime,separator3_grid_search_6ports_learned_dense_hd32_depth2_stages5,/home/liangyi/SRS_AI/Model_AIIC_refactor/experiments_refactored/20260506_051851_default_6port_separator3_learned_dense_v2/separator3_grid_search_6ports_learned_dense_hd32_depth2_stages5,default_6port_separator3_learned_dense_v2,separator3_grid_search_6ports_learned_dense_hd32_depth2_stages5,supervised_nmse_plateau,separator3,12,6,onnxruntime,fp32,float32,32,1,ok,,5.343476,20,50,0.07214756,0.0014663951603848123,0.070806,0.071726,0.07362239999999999,0.07412685,0.07719710999999999,0.079873,443535.4431944753,443.5354431944753,71.726,2.2414375,443535.4431944753,43840,42240,86296,single-thread,0.0078125,0.00390625,Intel(R) Xeon(R) 6760P,AVX512,"avx2,avx512f,avx512bw,avx512vl,avx512_vnni,avx512_bf16,amx_bf16,amx_int8,amx_tile,fma",True,True,,1.23.2,CPUExecutionProvider,,,256,128,sh14l07002s1404,3.11.9,2.1.2+cu121
20260506_120222,2026-05-06T12:29:31.763922,cpu,onnxruntime,separator3_grid_search_6ports_learned_dense_hd32_depth2_stages5,/home/liangyi/SRS_AI/Model_AIIC_refactor/experiments_refactored/20260506_051851_default_6port_separator3_learned_dense_v2/separator3_grid_search_6ports_learned_dense_hd32_depth2_stages5,default_6port_separator3_learned_dense_v2,separator3_grid_search_6ports_learned_dense_hd32_depth2_stages5,supervised_nmse_plateau,separator3,12,6,onnxruntime,fp32,float32,32,2,ok,,5.46694,20,50,0.1437273,0.006362137682414613,0.130943,0.143374,0.1501974,0.15543274999999998,0.15925837999999998,0.160796,222643.85402077404,222.64385402077406,143.374,4.4804375,111321.92701038702,43840,42240,86296,sub-physical,0.015625,0.0078125,Intel(R) Xeon(R) 6760P,AVX512,"avx2,avx512f,avx512bw,avx512vl,avx512_vnni,avx512_bf16,amx_bf16,amx_int8,amx_tile,fma",True,True,,1.23.2,CPUExecutionProvider,,,256,128,sh14l07002s1404,3.11.9,2.1.2+cu121
20260506_120222,2026-05-06T12:29:31.763922,cpu,onnxruntime,separator3_grid_search_6ports_learned_dense_hd32_depth2_stages5,/home/liangyi/SRS_AI/Model_AIIC_refactor/experiments_refactored/20260506_051851_default_6port_separator3_learned_dense_v2/separator3_grid_search_6ports_learned_dense_hd32_depth2_stages5,default_6port_separator3_learned_dense_v2,separator3_grid_search_6ports_learned_dense_hd32_depth2_stages5,supervised_nmse_plateau,separator3,12,6,onnxruntime,fp32,float32,32,4,ok,,5.681619,20,50,0.14383928,0.010297886693958135,0.12786,0.13979,0.15629490000000001,0.1597755,0.17274812999999997,0.177434,222470.52404600466,222.47052404600467,139.79,4.3684375,55617.631011501166,43840,42240,86296,sub-physical,0.03125,0.015625,Intel(R) Xeon(R) 6760P,AVX512,"avx2,avx512f,avx512bw,avx512vl,avx512_vnni,avx512_bf16,amx_bf16,amx_int8,amx_tile,fma",True,True,,1.23.2,CPUExecutionProvider,,,256,128,sh14l07002s1404,3.11.9,2.1.2+cu121
20260506_120222,2026-05-06T12:29:31.763922,cpu,onnxruntime,separator3_grid_search_6ports_learned_dense_hd32_depth2_stages5,/home/liangyi/SRS_AI/Model_AIIC_refactor/experiments_refactored/20260506_051851_default_6port_separator3_learned_dense_v2/separator3_grid_search_6ports_learned_dense_hd32_depth2_stages5,default_6port_separator3_learned_dense_v2,separator3_grid_search_6ports_learned_dense_hd32_depth2_stages5,supervised_nmse_plateau,separator3,12,6,onnxruntime,fp32,float32,32,8,ok,,6.425628,20,50,0.14136976,0.00759040229384451,0.125761,0.13913199999999998,0.15038189999999999,0.15365555,0.16306547999999998,0.169312,226356.75408941766,226.35675408941768,139.13199999999998,4.347874999999999,28294.594261177208,43840,42240,86296,sub-physical,0.0625,0.03125,Intel(R) Xeon(R) 6760P,AVX512,"avx2,avx512f,avx512bw,avx512vl,avx512_vnni,avx512_bf16,amx_bf16,amx_int8,amx_tile,fma",True,True,,1.23.2,CPUExecutionProvider,,,256,128,sh14l07002s1404,3.11.9,2.1.2+cu121
20260506_120222,2026-05-06T12:29:31.763922,cpu,onnxruntime,separator3_grid_search_6ports_learned_dense_hd32_depth2_stages5,/home/liangyi/SRS_AI/Model_AIIC_refactor/experiments_refactored/20260506_051851_default_6port_separator3_learned_dense_v2/separator3_grid_search_6ports_learned_dense_hd32_depth2_stages5,default_6port_separator3_learned_dense_v2,separator3_grid_search_6ports_learned_dense_hd32_depth2_stages5,supervised_nmse_plateau,separator3,12,6,onnxruntime,fp32,float32,64,1,ok,,5.330944,20,50,0.1234553,0.0065269728274292655,0.117367,0.12034600000000001,0.1337495,0.13411035,0.13470457,0.134757,518406.25716352393,518.406257163524,120.346,1.88040625,518406.25716352393,43840,42240,86296,single-thread,0.0078125,0.00390625,Intel(R) Xeon(R) 6760P,AVX512,"avx2,avx512f,avx512bw,avx512vl,avx512_vnni,avx512_bf16,amx_bf16,amx_int8,amx_tile,fma",True,True,,1.23.2,CPUExecutionProvider,,,256,128,sh14l07002s1404,3.11.9,2.1.2+cu121
20260506_120222,2026-05-06T12:29:31.763922,cpu,onnxruntime,separator3_grid_search_6ports_learned_dense_hd32_depth2_stages5,/home/liangyi/SRS_AI/Model_AIIC_refactor/experiments_refactored/20260506_051851_default_6port_separator3_learned_dense_v2/separator3_grid_search_6ports_learned_dense_hd32_depth2_stages5,default_6port_separator3_learned_dense_v2,separator3_grid_search_6ports_learned_dense_hd32_depth2_stages5,supervised_nmse_plateau,separator3,12,6,onnxruntime,fp32,float32,64,2,ok,,5.382611,20,50,0.22856776,0.00918000477681793,0.215158,0.226134,0.2419877,0.2433666,0.24711515,0.247882,280004.49407212983,280.00449407212983,226.13400000000001,3.5333437500000002,140002.24703606492,43840,42240,86296,sub-physical,0.015625,0.0078125,Intel(R) Xeon(R) 6760P,AVX512,"avx2,avx512f,avx512bw,avx512vl,avx512_vnni,avx512_bf16,amx_bf16,amx_int8,amx_tile,fma",True,True,,1.23.2,CPUExecutionProvider,,,256,128,sh14l07002s1404,3.11.9,2.1.2+cu121
20260506_120222,2026-05-06T12:29:31.763922,cpu,onnxruntime,separator3_grid_search_6ports_learned_dense_hd32_depth2_stages5,/home/liangyi/SRS_AI/Model_AIIC_refactor/experiments_refactored/20260506_051851_default_6port_separator3_learned_dense_v2/separator3_grid_search_6ports_learned_dense_hd32_depth2_stages5,default_6port_separator3_learned_dense_v2,separator3_grid_search_6ports_learned_dense_hd32_depth2_stages5,supervised_nmse_plateau,separator3,12,6,onnxruntime,fp32,float32,64,4,ok,,5.662761,20,50,0.27642864,0.012228018596256711,0.260857,0.2732325,0.29434190000000005,0.2958552,0.31339866999999993,0.323746,231524.49037118585,231.52449037118586,273.2325,4.2692578125,57881.12259279646,43840,42240,86296,sub-physical,0.03125,0.015625,Intel(R) Xeon(R) 6760P,AVX512,"avx2,avx512f,avx512bw,avx512vl,avx512_vnni,avx512_bf16,amx_bf16,amx_int8,amx_tile,fma",True,True,,1.23.2,CPUExecutionProvider,,,256,128,sh14l07002s1404,3.11.9,2.1.2+cu121
20260506_120222,2026-05-06T12:29:31.763922,cpu,onnxruntime,separator3_grid_search_6ports_learned_dense_hd32_depth2_stages5,/home/liangyi/SRS_AI/Model_AIIC_refactor/experiments_refactored/20260506_051851_default_6port_separator3_learned_dense_v2/separator3_grid_search_6ports_learned_dense_hd32_depth2_stages5,default_6port_separator3_learned_dense_v2,separator3_grid_search_6ports_learned_dense_hd32_depth2_stages5,supervised_nmse_plateau,separator3,12,6,onnxruntime,fp32,float32,64,8,ok,,6.599119,20,50,0.29594368,0.013069896603171732,0.274129,0.2949375,0.31262969999999995,0.3178495,0.3240847,0.324658,216257.36356322933,216.25736356322932,294.9375,4.6083984375,27032.170445403666,43840,42240,86296,sub-physical,0.0625,0.03125,Intel(R) Xeon(R) 6760P,AVX512,"avx2,avx512f,avx512bw,avx512vl,avx512_vnni,avx512_bf16,amx_bf16,amx_int8,amx_tile,fma",True,True,,1.23.2,CPUExecutionProvider,,,256,128,sh14l07002s1404,3.11.9,2.1.2+cu121
20260506_120222,2026-05-06T12:29:31.763922,cpu,onnxruntime,separator3_grid_search_6ports_learned_dense_hd32_depth2_stages5,/home/liangyi/SRS_AI/Model_AIIC_refactor/experiments_refactored/20260506_051851_default_6port_separator3_learned_dense_v2/separator3_grid_search_6ports_learned_dense_hd32_depth2_stages5,default_6port_separator3_learned_dense_v2,separator3_grid_search_6ports_learned_dense_hd32_depth2_stages5,supervised_nmse_plateau,separator3,12,6,onnxruntime,fp32,float32,128,1,ok,,5.228516,20,50,0.22390898,0.005693663412917908,0.217026,0.2223655,0.2330659,0.23461135,0.23878189,0.241888,571660.8596939703,571.6608596939703,222.3655,1.73723046875,571660.8596939703,43840,42240,86296,single-thread,0.0078125,0.00390625,Intel(R) Xeon(R) 6760P,AVX512,"avx2,avx512f,avx512bw,avx512vl,avx512_vnni,avx512_bf16,amx_bf16,amx_int8,amx_tile,fma",True,True,,1.23.2,CPUExecutionProvider,,,256,128,sh14l07002s1404,3.11.9,2.1.2+cu121
20260506_120222,2026-05-06T12:29:31.763922,cpu,onnxruntime,separator3_grid_search_6ports_learned_dense_hd32_depth2_stages5,/home/liangyi/SRS_AI/Model_AIIC_refactor/experiments_refactored/20260506_051851_default_6port_separator3_learned_dense_v2/separator3_grid_search_6ports_learned_dense_hd32_depth2_stages5,default_6port_separator3_learned_dense_v2,separator3_grid_search_6ports_learned_dense_hd32_depth2_stages5,supervised_nmse_plateau,separator3,12,6,onnxruntime,fp32,float32,128,2,ok,,5.38808,20,50,0.35678028,0.013520285179004176,0.336779,0.35467550000000003,0.3758654,0.37937455,0.39324649999999994,0.39773,358764.22317959944,358.76422317959947,354.67550000000006,2.7709023437500004,179382.11158979972,43840,42240,86296,sub-physical,0.015625,0.0078125,Intel(R) Xeon(R) 6760P,AVX512,"avx2,avx512f,avx512bw,avx512vl,avx512_vnni,avx512_bf16,amx_bf16,amx_int8,amx_tile,fma",True,True,,1.23.2,CPUExecutionProvider,,,256,128,sh14l07002s1404,3.11.9,2.1.2+cu121
20260506_120222,2026-05-06T12:29:31.763922,cpu,onnxruntime,separator3_grid_search_6ports_learned_dense_hd32_depth2_stages5,/home/liangyi/SRS_AI/Model_AIIC_refactor/experiments_refactored/20260506_051851_default_6port_separator3_learned_dense_v2/separator3_grid_search_6ports_learned_dense_hd32_depth2_stages5,default_6port_separator3_learned_dense_v2,separator3_grid_search_6ports_learned_dense_hd32_depth2_stages5,supervised_nmse_plateau,separator3,12,6,onnxruntime,fp32,float32,128,4,ok,,5.739722,20,50,0.4564389,0.03947161060521853,0.42933,0.4452775,0.4973555,0.5502751499999998,0.60521249,0.606584,280431.8387411765,280.43183874117653,445.2775,3.47873046875,70107.95968529413,43840,42240,86296,sub-physical,0.03125,0.015625,Intel(R) Xeon(R) 6760P,AVX512,"avx2,avx512f,avx512bw,avx512vl,avx512_vnni,avx512_bf16,amx_bf16,amx_int8,amx_tile,fma",True,True,,1.23.2,CPUExecutionProvider,,,256,128,sh14l07002s1404,3.11.9,2.1.2+cu121
20260506_120222,2026-05-06T12:29:31.763922,cpu,onnxruntime,separator3_grid_search_6ports_learned_dense_hd32_depth2_stages5,/home/liangyi/SRS_AI/Model_AIIC_refactor/experiments_refactored/20260506_051851_default_6port_separator3_learned_dense_v2/separator3_grid_search_6ports_learned_dense_hd32_depth2_stages5,default_6port_separator3_learned_dense_v2,separator3_grid_search_6ports_learned_dense_hd32_depth2_stages5,supervised_nmse_plateau,separator3,12,6,onnxruntime,fp32,float32,128,8,ok,,6.188275,20,50,0.66753404,0.023773790928634,0.59864,0.667768,0.6902567000000001,0.69572825,0.72257533,0.740991,191750.52106706047,191.75052106706048,667.768,5.2169375,23968.81513338256,43840,42240,86296,sub-physical,0.0625,0.03125,Intel(R) Xeon(R) 6760P,AVX512,"avx2,avx512f,avx512bw,avx512vl,avx512_vnni,avx512_bf16,amx_bf16,amx_int8,amx_tile,fma",True,True,,1.23.2,CPUExecutionProvider,,,256,128,sh14l07002s1404,3.11.9,2.1.2+cu121
