benchmark_id,timestamp,device,runtime_backend,run_name,run_dir,experiment_name,model_label,training_label,model_type,seq_len,num_ports,execution_mode,requested_precision_profile,effective_execution_dtype,batch_size,num_threads,status,skip_reason,graph_prep_time_ms,warmup_iters,measure_iters,mean_latency_ms,std_latency_ms,min_latency_ms,p50_latency_ms,p90_latency_ms,p95_latency_ms,p99_latency_ms,max_latency_ms,throughput_samples_per_sec,samples_per_ms,p50_latency_us,latency_per_sample_us,throughput_per_thread,trainable_parameters,macs_per_sample,flops_per_sample_estimate,thread_group,threads_per_physical_core_ratio,threads_per_logical_cpu_ratio,cpu_model_name,cpu_capability,cpu_flag_summary,mkldnn_available,mkldnn_enabled,onednn_version,onnxruntime_version,onnxruntime_providers,logical_cpu_count,physical_cpu_count,hostname,python_version,pytorch_version
20260424_104700,2026-04-24T10:49:46.509809,cpu,pytorch,full_mlp_capacity_search_hd128_depth2,/home/liangyi/SRS_AI/Model_AIIC_refactor/experiments_refactored/20260422_050408_full_mlp_capacity_search_v2/full_mlp_capacity_search_hd128_depth2,full_mlp_capacity_search_v2,full_mlp_capacity_search_hd128_depth2,supervised_nmse_plateau,full_mlp,12,6,jit,fp32,float32,1,1,ok,,53.572976,3,5,0.0427132,0.0032160362808898776,0.03966,0.042531,0.0462758,0.0474524,0.04839368,0.048629,23411.966324227637,23.411966324227638,42.531,42.531,23411.966324227637,3600,3456,7128,single-thread,0.015625,0.0078125,Intel(R) Xeon(R) Platinum 8358 CPU $@ $@,AVX512,"avx2,avx512f,avx512bw,avx512vl,avx512_vnni,fma",True,True,,,,128,64,nex-flexran-gpu-01,3.11.9,2.1.2+cu121
20260424_104700,2026-04-24T10:49:46.509809,cpu,pytorch,full_mlp_capacity_search_hd128_depth2,/home/liangyi/SRS_AI/Model_AIIC_refactor/experiments_refactored/20260422_050408_full_mlp_capacity_search_v2/full_mlp_capacity_search_hd128_depth2,full_mlp_capacity_search_v2,full_mlp_capacity_search_hd128_depth2,supervised_nmse_plateau,full_mlp,12,6,jit,fp32,float32,128,1,ok,,54.671838,3,5,0.0643852,0.00468488836153008,0.059609,0.062423,0.0701408,0.0705184,0.07082048,0.070896,1988034.5172493057,1988.0345172493057,62.423,0.4876796875,1988034.5172493057,3600,3456,7128,single-thread,0.015625,0.0078125,Intel(R) Xeon(R) Platinum 8358 CPU $@ $@,AVX512,"avx2,avx512f,avx512bw,avx512vl,avx512_vnni,fma",True,True,,,,128,64,nex-flexran-gpu-01,3.11.9,2.1.2+cu121
20260424_104700,2026-04-24T10:49:46.509809,cpu,onnxruntime,full_mlp_capacity_search_hd128_depth2,/home/liangyi/SRS_AI/Model_AIIC_refactor/experiments_refactored/20260422_050408_full_mlp_capacity_search_v2/full_mlp_capacity_search_hd128_depth2,full_mlp_capacity_search_v2,full_mlp_capacity_search_hd128_depth2,supervised_nmse_plateau,full_mlp,12,6,onnxruntime,fp32,float32,1,1,ok,,3.131745,3,5,0.0146374,0.001346591489650814,0.013275,0.014376,0.01625,0.016569999999999998,0.016825999999999997,0.01689,68318.14393266564,68.31814393266563,14.376,14.376,68318.14393266564,3600,3456,7128,single-thread,0.015625,0.0078125,Intel(R) Xeon(R) Platinum 8358 CPU $@ $@,AVX512,"avx2,avx512f,avx512bw,avx512vl,avx512_vnni,fma",True,True,,1.23.2,CPUExecutionProvider,128,64,nex-flexran-gpu-01,3.11.9,2.1.2+cu121
20260424_104700,2026-04-24T10:49:46.509809,cpu,onnxruntime,full_mlp_capacity_search_hd128_depth2,/home/liangyi/SRS_AI/Model_AIIC_refactor/experiments_refactored/20260422_050408_full_mlp_capacity_search_v2/full_mlp_capacity_search_hd128_depth2,full_mlp_capacity_search_v2,full_mlp_capacity_search_hd128_depth2,supervised_nmse_plateau,full_mlp,12,6,onnxruntime,fp32,float32,128,1,ok,,3.057887,3,5,0.0329812,0.0013929385341787325,0.031523,0.032451,0.034698799999999995,0.034891399999999996,0.03504548,0.035084,3880998.8720847024,3880.9988720847023,32.451,0.2535234375,3880998.8720847024,3600,3456,7128,single-thread,0.015625,0.0078125,Intel(R) Xeon(R) Platinum 8358 CPU $@ $@,AVX512,"avx2,avx512f,avx512bw,avx512vl,avx512_vnni,fma",True,True,,1.23.2,CPUExecutionProvider,128,64,nex-flexran-gpu-01,3.11.9,2.1.2+cu121
20260424_104700,2026-04-24T10:49:46.509809,cpu,pytorch,full_mlp_capacity_search_hd128_depth3,/home/liangyi/SRS_AI/Model_AIIC_refactor/experiments_refactored/20260422_050408_full_mlp_capacity_search_v2/full_mlp_capacity_search_hd128_depth3,full_mlp_capacity_search_v2,full_mlp_capacity_search_hd128_depth3,supervised_nmse_plateau,full_mlp,12,6,jit,fp32,float32,1,1,ok,,58.743408,3,5,0.0499314,0.0026377194392125923,0.046919,0.049389,0.053099,0.053420999999999996,0.0536786,0.053743,20027.477699403582,20.027477699403583,49.389,49.389,20027.477699403582,21776,21504,43352,single-thread,0.015625,0.0078125,Intel(R) Xeon(R) Platinum 8358 CPU $@ $@,AVX512,"avx2,avx512f,avx512bw,avx512vl,avx512_vnni,fma",True,True,,,,128,64,nex-flexran-gpu-01,3.11.9,2.1.2+cu121
20260424_104700,2026-04-24T10:49:46.509809,cpu,pytorch,full_mlp_capacity_search_hd128_depth3,/home/liangyi/SRS_AI/Model_AIIC_refactor/experiments_refactored/20260422_050408_full_mlp_capacity_search_v2/full_mlp_capacity_search_hd128_depth3,full_mlp_capacity_search_v2,full_mlp_capacity_search_hd128_depth3,supervised_nmse_plateau,full_mlp,12,6,jit,fp32,float32,128,1,ok,,60.321241,3,5,0.1024054,0.004082112031779624,0.097443,0.10276,0.10688439999999999,0.1069122,0.10693443999999999,0.10694,1249934.0855072096,1249.9340855072096,102.76,0.8028125,1249934.0855072096,21776,21504,43352,single-thread,0.015625,0.0078125,Intel(R) Xeon(R) Platinum 8358 CPU $@ $@,AVX512,"avx2,avx512f,avx512bw,avx512vl,avx512_vnni,fma",True,True,,,,128,64,nex-flexran-gpu-01,3.11.9,2.1.2+cu121
20260424_104700,2026-04-24T10:49:46.509809,cpu,onnxruntime,full_mlp_capacity_search_hd128_depth3,/home/liangyi/SRS_AI/Model_AIIC_refactor/experiments_refactored/20260422_050408_full_mlp_capacity_search_v2/full_mlp_capacity_search_hd128_depth3,full_mlp_capacity_search_v2,full_mlp_capacity_search_hd128_depth3,supervised_nmse_plateau,full_mlp,12,6,onnxruntime,fp32,float32,1,1,ok,,3.342946,3,5,0.015972,0.001407852975278314,0.014515,0.015869,0.0176276,0.0179348,0.018180560000000002,0.018242,62609.56674179815,62.609566741798155,15.869000000000002,15.869000000000002,62609.56674179815,21776,21504,43352,single-thread,0.015625,0.0078125,Intel(R) Xeon(R) Platinum 8358 CPU $@ $@,AVX512,"avx2,avx512f,avx512bw,avx512vl,avx512_vnni,fma",True,True,,1.23.2,CPUExecutionProvider,128,64,nex-flexran-gpu-01,3.11.9,2.1.2+cu121
20260424_104700,2026-04-24T10:49:46.509809,cpu,onnxruntime,full_mlp_capacity_search_hd128_depth3,/home/liangyi/SRS_AI/Model_AIIC_refactor/experiments_refactored/20260422_050408_full_mlp_capacity_search_v2/full_mlp_capacity_search_hd128_depth3,full_mlp_capacity_search_v2,full_mlp_capacity_search_hd128_depth3,supervised_nmse_plateau,full_mlp,12,6,onnxruntime,fp32,float32,128,1,ok,,3.150252,3,5,0.0659644,0.0016563302327736432,0.06424,0.065081,0.0680178,0.0683864,0.06868128,0.068755,1940440.6012940311,1940.4406012940312,65.081,0.5084453125,1940440.6012940311,21776,21504,43352,single-thread,0.015625,0.0078125,Intel(R) Xeon(R) Platinum 8358 CPU $@ $@,AVX512,"avx2,avx512f,avx512bw,avx512vl,avx512_vnni,fma",True,True,,1.23.2,CPUExecutionProvider,128,64,nex-flexran-gpu-01,3.11.9,2.1.2+cu121
20260424_104700,2026-04-24T10:49:46.509809,cpu,pytorch,full_mlp_capacity_search_hd128_depth4,/home/liangyi/SRS_AI/Model_AIIC_refactor/experiments_refactored/20260422_050408_full_mlp_capacity_search_v2/full_mlp_capacity_search_hd128_depth4,full_mlp_capacity_search_v2,full_mlp_capacity_search_hd128_depth4,supervised_nmse_plateau,full_mlp,12,6,jit,fp32,float32,1,1,ok,,62.885215,3,5,0.051142,0.003633468150403965,0.046796,0.049035,0.0555408,0.0556704,0.055774080000000004,0.0558,19553.400336318486,19.553400336318486,49.035000000000004,49.035000000000004,19553.400336318486,38288,37888,76248,single-thread,0.015625,0.0078125,Intel(R) Xeon(R) Platinum 8358 CPU $@ $@,AVX512,"avx2,avx512f,avx512bw,avx512vl,avx512_vnni,fma",True,True,,,,128,64,nex-flexran-gpu-01,3.11.9,2.1.2+cu121
20260424_104700,2026-04-24T10:49:46.509809,cpu,pytorch,full_mlp_capacity_search_hd128_depth4,/home/liangyi/SRS_AI/Model_AIIC_refactor/experiments_refactored/20260422_050408_full_mlp_capacity_search_v2/full_mlp_capacity_search_hd128_depth4,full_mlp_capacity_search_v2,full_mlp_capacity_search_hd128_depth4,supervised_nmse_plateau,full_mlp,12,6,jit,fp32,float32,128,1,ok,,64.918131,3,5,0.1280634,0.0033635441783927893,0.122981,0.128881,0.1315958,0.1319494,0.13223228,0.132303,999504.9327130157,999.5049327130157,128.881,1.0068828125,999504.9327130157,38288,37888,76248,single-thread,0.015625,0.0078125,Intel(R) Xeon(R) Platinum 8358 CPU $@ $@,AVX512,"avx2,avx512f,avx512bw,avx512vl,avx512_vnni,fma",True,True,,,,128,64,nex-flexran-gpu-01,3.11.9,2.1.2+cu121
20260424_104700,2026-04-24T10:49:46.509809,cpu,onnxruntime,full_mlp_capacity_search_hd128_depth4,/home/liangyi/SRS_AI/Model_AIIC_refactor/experiments_refactored/20260422_050408_full_mlp_capacity_search_v2/full_mlp_capacity_search_hd128_depth4,full_mlp_capacity_search_v2,full_mlp_capacity_search_hd128_depth4,supervised_nmse_plateau,full_mlp,12,6,onnxruntime,fp32,float32,1,1,ok,,3.442082,3,5,0.0171002,0.0014581370854621315,0.01572,0.016565,0.0188798,0.0192554,0.019555879999999998,0.019631,58478.84820060584,58.47884820060584,16.565,16.565,58478.84820060584,38288,37888,76248,single-thread,0.015625,0.0078125,Intel(R) Xeon(R) Platinum 8358 CPU $@ $@,AVX512,"avx2,avx512f,avx512bw,avx512vl,avx512_vnni,fma",True,True,,1.23.2,CPUExecutionProvider,128,64,nex-flexran-gpu-01,3.11.9,2.1.2+cu121
20260424_104700,2026-04-24T10:49:46.509809,cpu,onnxruntime,full_mlp_capacity_search_hd128_depth4,/home/liangyi/SRS_AI/Model_AIIC_refactor/experiments_refactored/20260422_050408_full_mlp_capacity_search_v2/full_mlp_capacity_search_hd128_depth4,full_mlp_capacity_search_v2,full_mlp_capacity_search_hd128_depth4,supervised_nmse_plateau,full_mlp,12,6,onnxruntime,fp32,float32,128,1,ok,,3.431379,3,5,0.0937828,0.00154708802593776,0.092059,0.093478,0.09561739999999999,0.0957092,0.09578264,0.095801,1364855.815778586,1364.855815778586,93.47800000000001,0.7302968750000001,1364855.815778586,38288,37888,76248,single-thread,0.015625,0.0078125,Intel(R) Xeon(R) Platinum 8358 CPU $@ $@,AVX512,"avx2,avx512f,avx512bw,avx512vl,avx512_vnni,fma",True,True,,1.23.2,CPUExecutionProvider,128,64,nex-flexran-gpu-01,3.11.9,2.1.2+cu121
20260424_104700,2026-04-24T10:49:46.509809,cpu,pytorch,full_mlp_capacity_search_hd128_depth5,/home/liangyi/SRS_AI/Model_AIIC_refactor/experiments_refactored/20260422_050408_full_mlp_capacity_search_v2/full_mlp_capacity_search_hd128_depth5,full_mlp_capacity_search_v2,full_mlp_capacity_search_hd128_depth5,supervised_nmse_plateau,full_mlp,12,6,jit,fp32,float32,1,1,ok,,67.231078,3,5,0.0580594,0.0038642931358787986,0.053716,0.057441,0.0626816,0.0632908,0.06377816,0.0639,17223.7398250757,17.2237398250757,57.441,57.441,17223.7398250757,54800,54272,109144,single-thread,0.015625,0.0078125,Intel(R) Xeon(R) Platinum 8358 CPU $@ $@,AVX512,"avx2,avx512f,avx512bw,avx512vl,avx512_vnni,fma",True,True,,,,128,64,nex-flexran-gpu-01,3.11.9,2.1.2+cu121
20260424_104700,2026-04-24T10:49:46.509809,cpu,pytorch,full_mlp_capacity_search_hd128_depth5,/home/liangyi/SRS_AI/Model_AIIC_refactor/experiments_refactored/20260422_050408_full_mlp_capacity_search_v2/full_mlp_capacity_search_hd128_depth5,full_mlp_capacity_search_v2,full_mlp_capacity_search_hd128_depth5,supervised_nmse_plateau,full_mlp,12,6,jit,fp32,float32,128,1,ok,,70.01345,3,5,0.1550254,0.003059261061106091,0.151598,0.153894,0.1586652,0.1586756,0.15868392,0.158686,825671.1480828302,825.6711480828302,153.894,1.202296875,825671.1480828302,54800,54272,109144,single-thread,0.015625,0.0078125,Intel(R) Xeon(R) Platinum 8358 CPU $@ $@,AVX512,"avx2,avx512f,avx512bw,avx512vl,avx512_vnni,fma",True,True,,,,128,64,nex-flexran-gpu-01,3.11.9,2.1.2+cu121
20260424_104700,2026-04-24T10:49:46.509809,cpu,onnxruntime,full_mlp_capacity_search_hd128_depth5,/home/liangyi/SRS_AI/Model_AIIC_refactor/experiments_refactored/20260422_050408_full_mlp_capacity_search_v2/full_mlp_capacity_search_hd128_depth5,full_mlp_capacity_search_v2,full_mlp_capacity_search_hd128_depth5,supervised_nmse_plateau,full_mlp,12,6,onnxruntime,fp32,float32,1,1,ok,,3.596085,3,5,0.0186226,0.001575481209027896,0.017022,0.018201,0.020536,0.020877,0.0211498,0.021218,53698.19466669531,53.69819466669531,18.200999999999997,18.200999999999997,53698.19466669531,54800,54272,109144,single-thread,0.015625,0.0078125,Intel(R) Xeon(R) Platinum 8358 CPU $@ $@,AVX512,"avx2,avx512f,avx512bw,avx512vl,avx512_vnni,fma",True,True,,1.23.2,CPUExecutionProvider,128,64,nex-flexran-gpu-01,3.11.9,2.1.2+cu121
20260424_104700,2026-04-24T10:49:46.509809,cpu,onnxruntime,full_mlp_capacity_search_hd128_depth5,/home/liangyi/SRS_AI/Model_AIIC_refactor/experiments_refactored/20260422_050408_full_mlp_capacity_search_v2/full_mlp_capacity_search_hd128_depth5,full_mlp_capacity_search_v2,full_mlp_capacity_search_hd128_depth5,supervised_nmse_plateau,full_mlp,12,6,onnxruntime,fp32,float32,128,1,ok,,3.699353,3,5,0.1209504,0.0016427323092944861,0.119311,0.120329,0.1229638,0.12311040000000001,0.12322768,0.123257,1058285.049077969,1058.285049077969,120.32900000000001,0.9400703125000001,1058285.049077969,54800,54272,109144,single-thread,0.015625,0.0078125,Intel(R) Xeon(R) Platinum 8358 CPU $@ $@,AVX512,"avx2,avx512f,avx512bw,avx512vl,avx512_vnni,fma",True,True,,1.23.2,CPUExecutionProvider,128,64,nex-flexran-gpu-01,3.11.9,2.1.2+cu121
20260424_104700,2026-04-24T10:49:46.509809,cpu,pytorch,full_mlp_capacity_search_hd256_depth2,/home/liangyi/SRS_AI/Model_AIIC_refactor/experiments_refactored/20260422_050408_full_mlp_capacity_search_v2/full_mlp_capacity_search_hd256_depth2,full_mlp_capacity_search_v2,full_mlp_capacity_search_hd256_depth2,supervised_nmse_plateau,full_mlp,12,6,jit,fp32,float32,1,1,ok,,53.368131,3,5,0.042826,0.0025113995301425046,0.040535,0.0413,0.0459756,0.0462518,0.04647276,0.046528,23350.301218885725,23.350301218885726,41.300000000000004,41.300000000000004,23350.301218885725,3600,3456,7128,single-thread,0.015625,0.0078125,Intel(R) Xeon(R) Platinum 8358 CPU $@ $@,AVX512,"avx2,avx512f,avx512bw,avx512vl,avx512_vnni,fma",True,True,,,,128,64,nex-flexran-gpu-01,3.11.9,2.1.2+cu121
20260424_104700,2026-04-24T10:49:46.509809,cpu,pytorch,full_mlp_capacity_search_hd256_depth2,/home/liangyi/SRS_AI/Model_AIIC_refactor/experiments_refactored/20260422_050408_full_mlp_capacity_search_v2/full_mlp_capacity_search_hd256_depth2,full_mlp_capacity_search_v2,full_mlp_capacity_search_hd256_depth2,supervised_nmse_plateau,full_mlp,12,6,jit,fp32,float32,128,1,ok,,54.669847,3,5,0.0666818,0.003743887038894204,0.061883,0.066134,0.07108160000000001,0.07144980000000001,0.07174436000000001,0.071818,1919564.258913227,1919.564258913227,66.134,0.516671875,1919564.258913227,3600,3456,7128,single-thread,0.015625,0.0078125,Intel(R) Xeon(R) Platinum 8358 CPU $@ $@,AVX512,"avx2,avx512f,avx512bw,avx512vl,avx512_vnni,fma",True,True,,,,128,64,nex-flexran-gpu-01,3.11.9,2.1.2+cu121
20260424_104700,2026-04-24T10:49:46.509809,cpu,onnxruntime,full_mlp_capacity_search_hd256_depth2,/home/liangyi/SRS_AI/Model_AIIC_refactor/experiments_refactored/20260422_050408_full_mlp_capacity_search_v2/full_mlp_capacity_search_hd256_depth2,full_mlp_capacity_search_v2,full_mlp_capacity_search_hd256_depth2,supervised_nmse_plateau,full_mlp,12,6,onnxruntime,fp32,float32,1,1,ok,,3.139271,3,5,0.0144498,0.001280529484236892,0.013037,0.01437,0.0159546,0.0162068,0.016408560000000003,0.016459,69205.11010533018,69.20511010533018,14.370000000000001,14.370000000000001,69205.11010533018,3600,3456,7128,single-thread,0.015625,0.0078125,Intel(R) Xeon(R) Platinum 8358 CPU $@ $@,AVX512,"avx2,avx512f,avx512bw,avx512vl,avx512_vnni,fma",True,True,,1.23.2,CPUExecutionProvider,128,64,nex-flexran-gpu-01,3.11.9,2.1.2+cu121
20260424_104700,2026-04-24T10:49:46.509809,cpu,onnxruntime,full_mlp_capacity_search_hd256_depth2,/home/liangyi/SRS_AI/Model_AIIC_refactor/experiments_refactored/20260422_050408_full_mlp_capacity_search_v2/full_mlp_capacity_search_hd256_depth2,full_mlp_capacity_search_v2,full_mlp_capacity_search_hd256_depth2,supervised_nmse_plateau,full_mlp,12,6,onnxruntime,fp32,float32,128,1,ok,,3.058421,3,5,0.0331894,0.0012838307676637142,0.031878,0.032644,0.034781599999999996,0.0349928,0.03516176,0.035204,3856653.027773928,3856.653027773928,32.644,0.25503125,3856653.027773928,3600,3456,7128,single-thread,0.015625,0.0078125,Intel(R) Xeon(R) Platinum 8358 CPU $@ $@,AVX512,"avx2,avx512f,avx512bw,avx512vl,avx512_vnni,fma",True,True,,1.23.2,CPUExecutionProvider,128,64,nex-flexran-gpu-01,3.11.9,2.1.2+cu121
20260424_104700,2026-04-24T10:49:46.509809,cpu,pytorch,full_mlp_capacity_search_hd256_depth3,/home/liangyi/SRS_AI/Model_AIIC_refactor/experiments_refactored/20260422_050408_full_mlp_capacity_search_v2/full_mlp_capacity_search_hd256_depth3,full_mlp_capacity_search_v2,full_mlp_capacity_search_hd256_depth3,supervised_nmse_plateau,full_mlp,12,6,jit,fp32,float32,1,1,ok,,59.35342,3,5,0.0485562,0.0030916146202267848,0.044867,0.048336,0.0521656,0.052462800000000004,0.05270056,0.05276,20594.692335891195,20.594692335891196,48.336,48.336,20594.692335891195,43408,43008,86488,single-thread,0.015625,0.0078125,Intel(R) Xeon(R) Platinum 8358 CPU $@ $@,AVX512,"avx2,avx512f,avx512bw,avx512vl,avx512_vnni,fma",True,True,,,,128,64,nex-flexran-gpu-01,3.11.9,2.1.2+cu121
20260424_104700,2026-04-24T10:49:46.509809,cpu,pytorch,full_mlp_capacity_search_hd256_depth3,/home/liangyi/SRS_AI/Model_AIIC_refactor/experiments_refactored/20260422_050408_full_mlp_capacity_search_v2/full_mlp_capacity_search_hd256_depth3,full_mlp_capacity_search_v2,full_mlp_capacity_search_hd256_depth3,supervised_nmse_plateau,full_mlp,12,6,jit,fp32,float32,128,1,ok,,60.798425,3,5,0.1398638,0.003684681337646447,0.134777,0.139004,0.1441696,0.1444678,0.14470636,0.144766,915176.0498427756,915.1760498427756,139.004,1.08596875,915176.0498427756,43408,43008,86488,single-thread,0.015625,0.0078125,Intel(R) Xeon(R) Platinum 8358 CPU $@ $@,AVX512,"avx2,avx512f,avx512bw,avx512vl,avx512_vnni,fma",True,True,,,,128,64,nex-flexran-gpu-01,3.11.9,2.1.2+cu121
20260424_104700,2026-04-24T10:49:46.509809,cpu,onnxruntime,full_mlp_capacity_search_hd256_depth3,/home/liangyi/SRS_AI/Model_AIIC_refactor/experiments_refactored/20260422_050408_full_mlp_capacity_search_v2/full_mlp_capacity_search_hd256_depth3,full_mlp_capacity_search_v2,full_mlp_capacity_search_hd256_depth3,supervised_nmse_plateau,full_mlp,12,6,onnxruntime,fp32,float32,1,1,ok,,3.439344,3,5,0.0170688,0.0013655775920832917,0.015635,0.016374,0.0187544,0.0190742,0.01933004,0.019394,58586.42669666292,58.58642669666292,16.374,16.374,58586.42669666292,43408,43008,86488,single-thread,0.015625,0.0078125,Intel(R) Xeon(R) Platinum 8358 CPU $@ $@,AVX512,"avx2,avx512f,avx512bw,avx512vl,avx512_vnni,fma",True,True,,1.23.2,CPUExecutionProvider,128,64,nex-flexran-gpu-01,3.11.9,2.1.2+cu121
20260424_104700,2026-04-24T10:49:46.509809,cpu,onnxruntime,full_mlp_capacity_search_hd256_depth3,/home/liangyi/SRS_AI/Model_AIIC_refactor/experiments_refactored/20260422_050408_full_mlp_capacity_search_v2/full_mlp_capacity_search_hd256_depth3,full_mlp_capacity_search_v2,full_mlp_capacity_search_hd256_depth3,supervised_nmse_plateau,full_mlp,12,6,onnxruntime,fp32,float32,128,1,ok,,3.364663,3,5,0.102746,0.001532004960827476,0.100951,0.102209,0.1046014,0.1047172,0.10480984,0.104833,1245790.590387947,1245.7905903879468,102.20899999999999,0.7985078124999999,1245790.590387947,43408,43008,86488,single-thread,0.015625,0.0078125,Intel(R) Xeon(R) Platinum 8358 CPU $@ $@,AVX512,"avx2,avx512f,avx512bw,avx512vl,avx512_vnni,fma",True,True,,1.23.2,CPUExecutionProvider,128,64,nex-flexran-gpu-01,3.11.9,2.1.2+cu121
20260424_104700,2026-04-24T10:49:46.509809,cpu,pytorch,full_mlp_capacity_search_hd256_depth4,/home/liangyi/SRS_AI/Model_AIIC_refactor/experiments_refactored/20260422_050408_full_mlp_capacity_search_v2/full_mlp_capacity_search_hd256_depth4,full_mlp_capacity_search_v2,full_mlp_capacity_search_hd256_depth4,supervised_nmse_plateau,full_mlp,12,6,jit,fp32,float32,1,1,ok,,64.278079,3,5,0.0620528,0.006197450617794384,0.05575,0.060222,0.06944979999999999,0.0712684,0.07272328,0.073087,16115.308253616276,16.115308253616277,60.221999999999994,60.221999999999994,16115.308253616276,109200,108544,217816,single-thread,0.015625,0.0078125,Intel(R) Xeon(R) Platinum 8358 CPU $@ $@,AVX512,"avx2,avx512f,avx512bw,avx512vl,avx512_vnni,fma",True,True,,,,128,64,nex-flexran-gpu-01,3.11.9,2.1.2+cu121
20260424_104700,2026-04-24T10:49:46.509809,cpu,pytorch,full_mlp_capacity_search_hd256_depth4,/home/liangyi/SRS_AI/Model_AIIC_refactor/experiments_refactored/20260422_050408_full_mlp_capacity_search_v2/full_mlp_capacity_search_hd256_depth4,full_mlp_capacity_search_v2,full_mlp_capacity_search_hd256_depth4,supervised_nmse_plateau,full_mlp,12,6,jit,fp32,float32,128,1,ok,,66.608062,3,5,0.256948,0.005100368182788379,0.251041,0.255648,0.2630882,0.2635816,0.26397632,0.264075,498155.26877033483,498.1552687703348,255.648,1.99725,498155.26877033483,109200,108544,217816,single-thread,0.015625,0.0078125,Intel(R) Xeon(R) Platinum 8358 CPU $@ $@,AVX512,"avx2,avx512f,avx512bw,avx512vl,avx512_vnni,fma",True,True,,,,128,64,nex-flexran-gpu-01,3.11.9,2.1.2+cu121
20260424_104700,2026-04-24T10:49:46.509809,cpu,onnxruntime,full_mlp_capacity_search_hd256_depth4,/home/liangyi/SRS_AI/Model_AIIC_refactor/experiments_refactored/20260422_050408_full_mlp_capacity_search_v2/full_mlp_capacity_search_hd256_depth4,full_mlp_capacity_search_v2,full_mlp_capacity_search_hd256_depth4,supervised_nmse_plateau,full_mlp,12,6,onnxruntime,fp32,float32,1,1,ok,,3.70222,3,5,0.0208296,0.0015547778748104186,0.019195,0.020307,0.022737,0.022949,0.0231186,0.023161,48008.60314168299,48.00860314168299,20.307,20.307,48008.60314168299,109200,108544,217816,single-thread,0.015625,0.0078125,Intel(R) Xeon(R) Platinum 8358 CPU $@ $@,AVX512,"avx2,avx512f,avx512bw,avx512vl,avx512_vnni,fma",True,True,,1.23.2,CPUExecutionProvider,128,64,nex-flexran-gpu-01,3.11.9,2.1.2+cu121
20260424_104700,2026-04-24T10:49:46.509809,cpu,onnxruntime,full_mlp_capacity_search_hd256_depth4,/home/liangyi/SRS_AI/Model_AIIC_refactor/experiments_refactored/20260422_050408_full_mlp_capacity_search_v2/full_mlp_capacity_search_hd256_depth4,full_mlp_capacity_search_v2,full_mlp_capacity_search_hd256_depth4,supervised_nmse_plateau,full_mlp,12,6,onnxruntime,fp32,float32,128,1,ok,,3.977707,3,5,0.2069866,0.00249962057920797,0.204232,0.20652,0.2099626,0.21016479999999998,0.21032656,0.210367,618397.5194529501,618.3975194529501,206.52,1.6134375,618397.5194529501,109200,108544,217816,single-thread,0.015625,0.0078125,Intel(R) Xeon(R) Platinum 8358 CPU $@ $@,AVX512,"avx2,avx512f,avx512bw,avx512vl,avx512_vnni,fma",True,True,,1.23.2,CPUExecutionProvider,128,64,nex-flexran-gpu-01,3.11.9,2.1.2+cu121
20260424_104700,2026-04-24T10:49:46.509809,cpu,pytorch,full_mlp_capacity_search_hd256_depth5,/home/liangyi/SRS_AI/Model_AIIC_refactor/experiments_refactored/20260422_050408_full_mlp_capacity_search_v2/full_mlp_capacity_search_hd256_depth5,full_mlp_capacity_search_v2,full_mlp_capacity_search_hd256_depth5,supervised_nmse_plateau,full_mlp,12,6,jit,fp32,float32,1,1,ok,,68.419292,3,5,0.0750912,0.0036673699240736546,0.07131,0.073959,0.0795186,0.0797448,0.07992576,0.079971,13317.13969146851,13.31713969146851,73.959,73.959,13317.13969146851,174992,174080,349144,single-thread,0.015625,0.0078125,Intel(R) Xeon(R) Platinum 8358 CPU $@ $@,AVX512,"avx2,avx512f,avx512bw,avx512vl,avx512_vnni,fma",True,True,,,,128,64,nex-flexran-gpu-01,3.11.9,2.1.2+cu121
20260424_104700,2026-04-24T10:49:46.509809,cpu,pytorch,full_mlp_capacity_search_hd256_depth5,/home/liangyi/SRS_AI/Model_AIIC_refactor/experiments_refactored/20260422_050408_full_mlp_capacity_search_v2/full_mlp_capacity_search_hd256_depth5,full_mlp_capacity_search_v2,full_mlp_capacity_search_hd256_depth5,supervised_nmse_plateau,full_mlp,12,6,jit,fp32,float32,128,1,ok,,72.118499,3,5,0.36409159999999996,0.009671892174750502,0.356143,0.361604,0.3748758,0.3787734,0.38189148,0.382671,351559.8821834945,351.5598821834945,361.604,2.82503125,351559.8821834945,174992,174080,349144,single-thread,0.015625,0.0078125,Intel(R) Xeon(R) Platinum 8358 CPU $@ $@,AVX512,"avx2,avx512f,avx512bw,avx512vl,avx512_vnni,fma",True,True,,,,128,64,nex-flexran-gpu-01,3.11.9,2.1.2+cu121
20260424_104700,2026-04-24T10:49:46.509809,cpu,onnxruntime,full_mlp_capacity_search_hd256_depth5,/home/liangyi/SRS_AI/Model_AIIC_refactor/experiments_refactored/20260422_050408_full_mlp_capacity_search_v2/full_mlp_capacity_search_hd256_depth5,full_mlp_capacity_search_v2,full_mlp_capacity_search_hd256_depth5,supervised_nmse_plateau,full_mlp,12,6,onnxruntime,fp32,float32,1,1,ok,,4.10667,3,5,0.0276596,0.0016339552747856969,0.025698,0.027826,0.0294854,0.0295952,0.029683039999999997,0.029705,36153.8127810959,36.1538127810959,27.826,27.826,36153.8127810959,174992,174080,349144,single-thread,0.015625,0.0078125,Intel(R) Xeon(R) Platinum 8358 CPU $@ $@,AVX512,"avx2,avx512f,avx512bw,avx512vl,avx512_vnni,fma",True,True,,1.23.2,CPUExecutionProvider,128,64,nex-flexran-gpu-01,3.11.9,2.1.2+cu121
20260424_104700,2026-04-24T10:49:46.509809,cpu,onnxruntime,full_mlp_capacity_search_hd256_depth5,/home/liangyi/SRS_AI/Model_AIIC_refactor/experiments_refactored/20260422_050408_full_mlp_capacity_search_v2/full_mlp_capacity_search_hd256_depth5,full_mlp_capacity_search_v2,full_mlp_capacity_search_hd256_depth5,supervised_nmse_plateau,full_mlp,12,6,onnxruntime,fp32,float32,128,1,ok,,4.389087,3,5,0.31531119999999996,0.0066154611751562745,0.310061,0.313005,0.3228706,0.3254338,0.32748436,0.327997,405948.1553462104,405.9481553462104,313.005,2.4453515625,405948.1553462104,174992,174080,349144,single-thread,0.015625,0.0078125,Intel(R) Xeon(R) Platinum 8358 CPU $@ $@,AVX512,"avx2,avx512f,avx512bw,avx512vl,avx512_vnni,fma",True,True,,1.23.2,CPUExecutionProvider,128,64,nex-flexran-gpu-01,3.11.9,2.1.2+cu121
20260424_104700,2026-04-24T10:49:46.509809,cpu,pytorch,full_mlp_capacity_search_hd32_depth2,/home/liangyi/SRS_AI/Model_AIIC_refactor/experiments_refactored/20260422_050408_full_mlp_capacity_search_v2/full_mlp_capacity_search_hd32_depth2,full_mlp_capacity_search_v2,full_mlp_capacity_search_hd32_depth2,supervised_nmse_plateau,full_mlp,12,6,jit,fp32,float32,1,1,ok,,53.70289,3,5,0.04511,0.0032564758251828,0.041307,0.043716,0.0489562,0.0499216,0.05069392,0.050887,22168.033695411217,22.168033695411218,43.716,43.716,22168.033695411217,3600,3456,7128,single-thread,0.015625,0.0078125,Intel(R) Xeon(R) Platinum 8358 CPU $@ $@,AVX512,"avx2,avx512f,avx512bw,avx512vl,avx512_vnni,fma",True,True,,,,128,64,nex-flexran-gpu-01,3.11.9,2.1.2+cu121
20260424_104700,2026-04-24T10:49:46.509809,cpu,pytorch,full_mlp_capacity_search_hd32_depth2,/home/liangyi/SRS_AI/Model_AIIC_refactor/experiments_refactored/20260422_050408_full_mlp_capacity_search_v2/full_mlp_capacity_search_hd32_depth2,full_mlp_capacity_search_v2,full_mlp_capacity_search_hd32_depth2,supervised_nmse_plateau,full_mlp,12,6,jit,fp32,float32,128,1,ok,,54.719938,3,5,0.0643928,0.003519727512180452,0.060709,0.063299,0.06865539999999999,0.0689142,0.06912124,0.069173,1987799.8782472573,1987.7998782472573,63.29899999999999,0.49452343749999994,1987799.8782472573,3600,3456,7128,single-thread,0.015625,0.0078125,Intel(R) Xeon(R) Platinum 8358 CPU $@ $@,AVX512,"avx2,avx512f,avx512bw,avx512vl,avx512_vnni,fma",True,True,,,,128,64,nex-flexran-gpu-01,3.11.9,2.1.2+cu121
20260424_104700,2026-04-24T10:49:46.509809,cpu,onnxruntime,full_mlp_capacity_search_hd32_depth2,/home/liangyi/SRS_AI/Model_AIIC_refactor/experiments_refactored/20260422_050408_full_mlp_capacity_search_v2/full_mlp_capacity_search_hd32_depth2,full_mlp_capacity_search_v2,full_mlp_capacity_search_hd32_depth2,supervised_nmse_plateau,full_mlp,12,6,onnxruntime,fp32,float32,1,1,ok,,3.076805,3,5,0.0145972,0.0012417692861397406,0.013232,0.014169,0.016099000000000002,0.016416,0.0166696,0.016733,68506.28887731893,68.50628887731894,14.168999999999999,14.168999999999999,68506.28887731893,3600,3456,7128,single-thread,0.015625,0.0078125,Intel(R) Xeon(R) Platinum 8358 CPU $@ $@,AVX512,"avx2,avx512f,avx512bw,avx512vl,avx512_vnni,fma",True,True,,1.23.2,CPUExecutionProvider,128,64,nex-flexran-gpu-01,3.11.9,2.1.2+cu121
20260424_104700,2026-04-24T10:49:46.509809,cpu,onnxruntime,full_mlp_capacity_search_hd32_depth2,/home/liangyi/SRS_AI/Model_AIIC_refactor/experiments_refactored/20260422_050408_full_mlp_capacity_search_v2/full_mlp_capacity_search_hd32_depth2,full_mlp_capacity_search_v2,full_mlp_capacity_search_hd32_depth2,supervised_nmse_plateau,full_mlp,12,6,onnxruntime,fp32,float32,128,1,ok,,3.075541,3,5,0.0330776,0.0013337678358694973,0.031647,0.032645,0.034712,0.034915,0.0350774,0.035118,3869688.2482405016,3869.6882482405017,32.645,0.2550390625,3869688.2482405016,3600,3456,7128,single-thread,0.015625,0.0078125,Intel(R) Xeon(R) Platinum 8358 CPU $@ $@,AVX512,"avx2,avx512f,avx512bw,avx512vl,avx512_vnni,fma",True,True,,1.23.2,CPUExecutionProvider,128,64,nex-flexran-gpu-01,3.11.9,2.1.2+cu121
20260424_104700,2026-04-24T10:49:46.509809,cpu,pytorch,full_mlp_capacity_search_hd32_depth3,/home/liangyi/SRS_AI/Model_AIIC_refactor/experiments_refactored/20260422_050408_full_mlp_capacity_search_v2/full_mlp_capacity_search_hd32_depth3,full_mlp_capacity_search_v2,full_mlp_capacity_search_hd32_depth3,supervised_nmse_plateau,full_mlp,12,6,jit,fp32,float32,1,1,ok,,58.683348,3,5,0.0467338,0.003996978829065773,0.041803,0.0449,0.051490999999999995,0.051533999999999996,0.0515684,0.051577,21397.78918042188,21.39778918042188,44.900000000000006,44.900000000000006,21397.78918042188,5552,5376,11000,single-thread,0.015625,0.0078125,Intel(R) Xeon(R) Platinum 8358 CPU $@ $@,AVX512,"avx2,avx512f,avx512bw,avx512vl,avx512_vnni,fma",True,True,,,,128,64,nex-flexran-gpu-01,3.11.9,2.1.2+cu121
20260424_104700,2026-04-24T10:49:46.509809,cpu,pytorch,full_mlp_capacity_search_hd32_depth3,/home/liangyi/SRS_AI/Model_AIIC_refactor/experiments_refactored/20260422_050408_full_mlp_capacity_search_v2/full_mlp_capacity_search_hd32_depth3,full_mlp_capacity_search_v2,full_mlp_capacity_search_hd32_depth3,supervised_nmse_plateau,full_mlp,12,6,jit,fp32,float32,128,1,ok,,60.872842,3,5,0.072165,0.003873919358995486,0.068347,0.070691,0.0769518,0.0775894,0.07809948,0.078227,1773713.018776415,1773.7130187764149,70.691,0.5522734375,1773713.018776415,5552,5376,11000,single-thread,0.015625,0.0078125,Intel(R) Xeon(R) Platinum 8358 CPU $@ $@,AVX512,"avx2,avx512f,avx512bw,avx512vl,avx512_vnni,fma",True,True,,,,128,64,nex-flexran-gpu-01,3.11.9,2.1.2+cu121
20260424_104700,2026-04-24T10:49:46.509809,cpu,onnxruntime,full_mlp_capacity_search_hd32_depth3,/home/liangyi/SRS_AI/Model_AIIC_refactor/experiments_refactored/20260422_050408_full_mlp_capacity_search_v2/full_mlp_capacity_search_hd32_depth3,full_mlp_capacity_search_v2,full_mlp_capacity_search_hd32_depth3,supervised_nmse_plateau,full_mlp,12,6,onnxruntime,fp32,float32,1,1,ok,,3.33534,3,5,0.0150886,0.0013889327701512408,0.013578,0.01467,0.0167818,0.0170604,0.01728328,0.017339,66275.20114523548,66.27520114523549,14.67,14.67,66275.20114523548,5552,5376,11000,single-thread,0.015625,0.0078125,Intel(R) Xeon(R) Platinum 8358 CPU $@ $@,AVX512,"avx2,avx512f,avx512bw,avx512vl,avx512_vnni,fma",True,True,,1.23.2,CPUExecutionProvider,128,64,nex-flexran-gpu-01,3.11.9,2.1.2+cu121
20260424_104700,2026-04-24T10:49:46.509809,cpu,onnxruntime,full_mlp_capacity_search_hd32_depth3,/home/liangyi/SRS_AI/Model_AIIC_refactor/experiments_refactored/20260422_050408_full_mlp_capacity_search_v2/full_mlp_capacity_search_hd32_depth3,full_mlp_capacity_search_v2,full_mlp_capacity_search_hd32_depth3,supervised_nmse_plateau,full_mlp,12,6,onnxruntime,fp32,float32,128,1,ok,,3.312308,3,5,0.0379156,0.0013744198194147225,0.036494,0.037406,0.0396062,0.039770599999999996,0.03990212,0.039935,3375919.1467364356,3375.919146736436,37.406,0.292234375,3375919.1467364356,5552,5376,11000,single-thread,0.015625,0.0078125,Intel(R) Xeon(R) Platinum 8358 CPU $@ $@,AVX512,"avx2,avx512f,avx512bw,avx512vl,avx512_vnni,fma",True,True,,1.23.2,CPUExecutionProvider,128,64,nex-flexran-gpu-01,3.11.9,2.1.2+cu121
20260424_104700,2026-04-24T10:49:46.509809,cpu,pytorch,full_mlp_capacity_search_hd32_depth4,/home/liangyi/SRS_AI/Model_AIIC_refactor/experiments_refactored/20260422_050408_full_mlp_capacity_search_v2/full_mlp_capacity_search_hd32_depth4,full_mlp_capacity_search_v2,full_mlp_capacity_search_hd32_depth4,supervised_nmse_plateau,full_mlp,12,6,jit,fp32,float32,1,1,ok,,63.046676,3,5,0.0499206,0.004620038034475474,0.045161,0.048583,0.0555494,0.0561132,0.05656424,0.056677,20031.810515097975,20.031810515097977,48.583,48.583,20031.810515097975,6608,6400,13080,single-thread,0.015625,0.0078125,Intel(R) Xeon(R) Platinum 8358 CPU $@ $@,AVX512,"avx2,avx512f,avx512bw,avx512vl,avx512_vnni,fma",True,True,,,,128,64,nex-flexran-gpu-01,3.11.9,2.1.2+cu121
20260424_104700,2026-04-24T10:49:46.509809,cpu,pytorch,full_mlp_capacity_search_hd32_depth4,/home/liangyi/SRS_AI/Model_AIIC_refactor/experiments_refactored/20260422_050408_full_mlp_capacity_search_v2/full_mlp_capacity_search_hd32_depth4,full_mlp_capacity_search_v2,full_mlp_capacity_search_hd32_depth4,supervised_nmse_plateau,full_mlp,12,6,jit,fp32,float32,128,1,ok,,64.27192,3,5,0.0760434,0.0038746686361545795,0.07108,0.076258,0.08043059999999999,0.0808018,0.08109875999999999,0.081173,1683249.3023720668,1683.2493023720667,76.25800000000001,0.5957656250000001,1683249.3023720668,6608,6400,13080,single-thread,0.015625,0.0078125,Intel(R) Xeon(R) Platinum 8358 CPU $@ $@,AVX512,"avx2,avx512f,avx512bw,avx512vl,avx512_vnni,fma",True,True,,,,128,64,nex-flexran-gpu-01,3.11.9,2.1.2+cu121
20260424_104700,2026-04-24T10:49:46.509809,cpu,onnxruntime,full_mlp_capacity_search_hd32_depth4,/home/liangyi/SRS_AI/Model_AIIC_refactor/experiments_refactored/20260422_050408_full_mlp_capacity_search_v2/full_mlp_capacity_search_hd32_depth4,full_mlp_capacity_search_v2,full_mlp_capacity_search_hd32_depth4,supervised_nmse_plateau,full_mlp,12,6,onnxruntime,fp32,float32,1,1,ok,,3.420058,3,5,0.0155334,0.0014819087151373392,0.014244,0.01487,0.0173512,0.0177506,0.01807012,0.01815,64377.4061055532,64.3774061055532,14.87,14.87,64377.4061055532,6608,6400,13080,single-thread,0.015625,0.0078125,Intel(R) Xeon(R) Platinum 8358 CPU $@ $@,AVX512,"avx2,avx512f,avx512bw,avx512vl,avx512_vnni,fma",True,True,,1.23.2,CPUExecutionProvider,128,64,nex-flexran-gpu-01,3.11.9,2.1.2+cu121
20260424_104700,2026-04-24T10:49:46.509809,cpu,onnxruntime,full_mlp_capacity_search_hd32_depth4,/home/liangyi/SRS_AI/Model_AIIC_refactor/experiments_refactored/20260422_050408_full_mlp_capacity_search_v2/full_mlp_capacity_search_hd32_depth4,full_mlp_capacity_search_v2,full_mlp_capacity_search_hd32_depth4,supervised_nmse_plateau,full_mlp,12,6,onnxruntime,fp32,float32,128,1,ok,,3.185815,3,5,0.0413896,0.0015304445890002032,0.039843,0.040773,0.0432598,0.043358400000000005,0.04343728,0.043457,3092564.3156735026,3092.5643156735027,40.772999999999996,0.31853906249999997,3092564.3156735026,6608,6400,13080,single-thread,0.015625,0.0078125,Intel(R) Xeon(R) Platinum 8358 CPU $@ $@,AVX512,"avx2,avx512f,avx512bw,avx512vl,avx512_vnni,fma",True,True,,1.23.2,CPUExecutionProvider,128,64,nex-flexran-gpu-01,3.11.9,2.1.2+cu121
20260424_104700,2026-04-24T10:49:46.509809,cpu,pytorch,full_mlp_capacity_search_hd32_depth5,/home/liangyi/SRS_AI/Model_AIIC_refactor/experiments_refactored/20260422_050408_full_mlp_capacity_search_v2/full_mlp_capacity_search_hd32_depth5,full_mlp_capacity_search_v2,full_mlp_capacity_search_hd32_depth5,supervised_nmse_plateau,full_mlp,12,6,jit,fp32,float32,1,1,ok,,66.883645,3,5,0.050469,0.004164934909455369,0.046857,0.04857,0.0554064,0.0568482,0.05800164,0.05829,19814.14333551289,19.81414333551289,48.57,48.57,19814.14333551289,7664,7424,15160,single-thread,0.015625,0.0078125,Intel(R) Xeon(R) Platinum 8358 CPU $@ $@,AVX512,"avx2,avx512f,avx512bw,avx512vl,avx512_vnni,fma",True,True,,,,128,64,nex-flexran-gpu-01,3.11.9,2.1.2+cu121
20260424_104700,2026-04-24T10:49:46.509809,cpu,pytorch,full_mlp_capacity_search_hd32_depth5,/home/liangyi/SRS_AI/Model_AIIC_refactor/experiments_refactored/20260422_050408_full_mlp_capacity_search_v2/full_mlp_capacity_search_hd32_depth5,full_mlp_capacity_search_v2,full_mlp_capacity_search_hd32_depth5,supervised_nmse_plateau,full_mlp,12,6,jit,fp32,float32,128,1,ok,,68.931559,3,5,0.0841812,0.00395453549231765,0.078882,0.084054,0.0887308,0.0892674,0.08969668,0.089804,1520529.5244068748,1520.5295244068748,84.054,0.656671875,1520529.5244068748,7664,7424,15160,single-thread,0.015625,0.0078125,Intel(R) Xeon(R) Platinum 8358 CPU $@ $@,AVX512,"avx2,avx512f,avx512bw,avx512vl,avx512_vnni,fma",True,True,,,,128,64,nex-flexran-gpu-01,3.11.9,2.1.2+cu121
20260424_104700,2026-04-24T10:49:46.509809,cpu,onnxruntime,full_mlp_capacity_search_hd32_depth5,/home/liangyi/SRS_AI/Model_AIIC_refactor/experiments_refactored/20260422_050408_full_mlp_capacity_search_v2/full_mlp_capacity_search_hd32_depth5,full_mlp_capacity_search_v2,full_mlp_capacity_search_hd32_depth5,supervised_nmse_plateau,full_mlp,12,6,onnxruntime,fp32,float32,1,1,ok,,3.523717,3,5,0.0164392,0.001391416458146158,0.01498,0.016121,0.0181232,0.0183886,0.01860092,0.018654,60830.21071584992,60.83021071584992,16.121,16.121,60830.21071584992,7664,7424,15160,single-thread,0.015625,0.0078125,Intel(R) Xeon(R) Platinum 8358 CPU $@ $@,AVX512,"avx2,avx512f,avx512bw,avx512vl,avx512_vnni,fma",True,True,,1.23.2,CPUExecutionProvider,128,64,nex-flexran-gpu-01,3.11.9,2.1.2+cu121
20260424_104700,2026-04-24T10:49:46.509809,cpu,onnxruntime,full_mlp_capacity_search_hd32_depth5,/home/liangyi/SRS_AI/Model_AIIC_refactor/experiments_refactored/20260422_050408_full_mlp_capacity_search_v2/full_mlp_capacity_search_hd32_depth5,full_mlp_capacity_search_v2,full_mlp_capacity_search_hd32_depth5,supervised_nmse_plateau,full_mlp,12,6,onnxruntime,fp32,float32,128,1,ok,,3.273109,3,5,0.0442732,0.0014787009704466969,0.042674,0.043854,0.046076,0.046327,0.0465278,0.046578,2891139.5607274827,2891.1395607274826,43.854,0.342609375,2891139.5607274827,7664,7424,15160,single-thread,0.015625,0.0078125,Intel(R) Xeon(R) Platinum 8358 CPU $@ $@,AVX512,"avx2,avx512f,avx512bw,avx512vl,avx512_vnni,fma",True,True,,1.23.2,CPUExecutionProvider,128,64,nex-flexran-gpu-01,3.11.9,2.1.2+cu121
20260424_104700,2026-04-24T10:49:46.509809,cpu,pytorch,full_mlp_capacity_search_hd512_depth2,/home/liangyi/SRS_AI/Model_AIIC_refactor/experiments_refactored/20260422_050408_full_mlp_capacity_search_v2/full_mlp_capacity_search_hd512_depth2,full_mlp_capacity_search_v2,full_mlp_capacity_search_hd512_depth2,supervised_nmse_plateau,full_mlp,12,6,jit,fp32,float32,1,1,ok,,53.080073,3,5,0.042685,0.0034642811086861864,0.038887,0.040985,0.0469672,0.0473086,0.04758172,0.04765,23427.433524657372,23.42743352465737,40.985,40.985,23427.433524657372,3600,3456,7128,single-thread,0.015625,0.0078125,Intel(R) Xeon(R) Platinum 8358 CPU $@ $@,AVX512,"avx2,avx512f,avx512bw,avx512vl,avx512_vnni,fma",True,True,,,,128,64,nex-flexran-gpu-01,3.11.9,2.1.2+cu121
20260424_104700,2026-04-24T10:49:46.509809,cpu,pytorch,full_mlp_capacity_search_hd512_depth2,/home/liangyi/SRS_AI/Model_AIIC_refactor/experiments_refactored/20260422_050408_full_mlp_capacity_search_v2/full_mlp_capacity_search_hd512_depth2,full_mlp_capacity_search_v2,full_mlp_capacity_search_hd512_depth2,supervised_nmse_plateau,full_mlp,12,6,jit,fp32,float32,128,1,ok,,55.076369,3,5,0.0622208,0.0038093521968964768,0.057853,0.062369,0.06654320000000001,0.06679260000000001,0.06699212,0.067042,2057189.878625797,2057.189878625797,62.369,0.4872578125,2057189.878625797,3600,3456,7128,single-thread,0.015625,0.0078125,Intel(R) Xeon(R) Platinum 8358 CPU $@ $@,AVX512,"avx2,avx512f,avx512bw,avx512vl,avx512_vnni,fma",True,True,,,,128,64,nex-flexran-gpu-01,3.11.9,2.1.2+cu121
20260424_104700,2026-04-24T10:49:46.509809,cpu,onnxruntime,full_mlp_capacity_search_hd512_depth2,/home/liangyi/SRS_AI/Model_AIIC_refactor/experiments_refactored/20260422_050408_full_mlp_capacity_search_v2/full_mlp_capacity_search_hd512_depth2,full_mlp_capacity_search_v2,full_mlp_capacity_search_hd512_depth2,supervised_nmse_plateau,full_mlp,12,6,onnxruntime,fp32,float32,1,1,ok,,3.166485,3,5,0.0145898,0.0016117085840808816,0.013063,0.014057,0.0165082,0.0170156,0.01742152,0.017523,68541.0355179646,68.5410355179646,14.057,14.057,68541.0355179646,3600,3456,7128,single-thread,0.015625,0.0078125,Intel(R) Xeon(R) Platinum 8358 CPU $@ $@,AVX512,"avx2,avx512f,avx512bw,avx512vl,avx512_vnni,fma",True,True,,1.23.2,CPUExecutionProvider,128,64,nex-flexran-gpu-01,3.11.9,2.1.2+cu121
20260424_104700,2026-04-24T10:49:46.509809,cpu,onnxruntime,full_mlp_capacity_search_hd512_depth2,/home/liangyi/SRS_AI/Model_AIIC_refactor/experiments_refactored/20260422_050408_full_mlp_capacity_search_v2/full_mlp_capacity_search_hd512_depth2,full_mlp_capacity_search_v2,full_mlp_capacity_search_hd512_depth2,supervised_nmse_plateau,full_mlp,12,6,onnxruntime,fp32,float32,128,1,ok,,3.062674,3,5,0.035046,0.004838697469360944,0.031754,0.032583,0.0404264,0.0425022,0.04416284,0.044578,3652342.6353934826,3652.342635393483,32.583,0.2545546875,3652342.6353934826,3600,3456,7128,single-thread,0.015625,0.0078125,Intel(R) Xeon(R) Platinum 8358 CPU $@ $@,AVX512,"avx2,avx512f,avx512bw,avx512vl,avx512_vnni,fma",True,True,,1.23.2,CPUExecutionProvider,128,64,nex-flexran-gpu-01,3.11.9,2.1.2+cu121
20260424_104700,2026-04-24T10:49:46.509809,cpu,pytorch,full_mlp_capacity_search_hd512_depth3,/home/liangyi/SRS_AI/Model_AIIC_refactor/experiments_refactored/20260422_050408_full_mlp_capacity_search_v2/full_mlp_capacity_search_hd512_depth3,full_mlp_capacity_search_v2,full_mlp_capacity_search_hd512_depth3,supervised_nmse_plateau,full_mlp,12,6,jit,fp32,float32,1,1,ok,,59.253763,3,5,0.051306399999999995,0.003767672204425432,0.045772,0.052652,0.055162199999999995,0.055547599999999996,0.055855919999999996,0.055933,19490.74579389706,19.49074579389706,52.651999999999994,52.651999999999994,19490.74579389706,86672,86016,172760,single-thread,0.015625,0.0078125,Intel(R) Xeon(R) Platinum 8358 CPU $@ $@,AVX512,"avx2,avx512f,avx512bw,avx512vl,avx512_vnni,fma",True,True,,,,128,64,nex-flexran-gpu-01,3.11.9,2.1.2+cu121
20260424_104700,2026-04-24T10:49:46.509809,cpu,pytorch,full_mlp_capacity_search_hd512_depth3,/home/liangyi/SRS_AI/Model_AIIC_refactor/experiments_refactored/20260422_050408_full_mlp_capacity_search_v2/full_mlp_capacity_search_hd512_depth3,full_mlp_capacity_search_v2,full_mlp_capacity_search_hd512_depth3,supervised_nmse_plateau,full_mlp,12,6,jit,fp32,float32,128,1,ok,,62.10914,3,5,0.2218786,0.003935179213199831,0.217433,0.220345,0.2266628,0.22691640000000002,0.22711928,0.22717,576892.0481740915,576.8920481740915,220.34500000000003,1.7214453125000002,576892.0481740915,86672,86016,172760,single-thread,0.015625,0.0078125,Intel(R) Xeon(R) Platinum 8358 CPU $@ $@,AVX512,"avx2,avx512f,avx512bw,avx512vl,avx512_vnni,fma",True,True,,,,128,64,nex-flexran-gpu-01,3.11.9,2.1.2+cu121
20260424_104700,2026-04-24T10:49:46.509809,cpu,onnxruntime,full_mlp_capacity_search_hd512_depth3,/home/liangyi/SRS_AI/Model_AIIC_refactor/experiments_refactored/20260422_050408_full_mlp_capacity_search_v2/full_mlp_capacity_search_hd512_depth3,full_mlp_capacity_search_v2,full_mlp_capacity_search_hd512_depth3,supervised_nmse_plateau,full_mlp,12,6,onnxruntime,fp32,float32,1,1,ok,,3.612151,3,5,0.0190324,0.001442488072740984,0.017507,0.018659,0.0207812,0.0210886,0.02133452,0.021396,52541.98104285324,52.54198104285324,18.659,18.659,52541.98104285324,86672,86016,172760,single-thread,0.015625,0.0078125,Intel(R) Xeon(R) Platinum 8358 CPU $@ $@,AVX512,"avx2,avx512f,avx512bw,avx512vl,avx512_vnni,fma",True,True,,1.23.2,CPUExecutionProvider,128,64,nex-flexran-gpu-01,3.11.9,2.1.2+cu121
20260424_104700,2026-04-24T10:49:46.509809,cpu,onnxruntime,full_mlp_capacity_search_hd512_depth3,/home/liangyi/SRS_AI/Model_AIIC_refactor/experiments_refactored/20260422_050408_full_mlp_capacity_search_v2/full_mlp_capacity_search_hd512_depth3,full_mlp_capacity_search_v2,full_mlp_capacity_search_hd512_depth3,supervised_nmse_plateau,full_mlp,12,6,onnxruntime,fp32,float32,128,1,ok,,3.595126,3,5,0.1803592,0.0016624761532124293,0.178476,0.180094,0.1823386,0.1825188,0.18266296,0.182699,709694.8755594392,709.6948755594392,180.094,1.406984375,709694.8755594392,86672,86016,172760,single-thread,0.015625,0.0078125,Intel(R) Xeon(R) Platinum 8358 CPU $@ $@,AVX512,"avx2,avx512f,avx512bw,avx512vl,avx512_vnni,fma",True,True,,1.23.2,CPUExecutionProvider,128,64,nex-flexran-gpu-01,3.11.9,2.1.2+cu121
20260424_104700,2026-04-24T10:49:46.509809,cpu,pytorch,full_mlp_capacity_search_hd512_depth4,/home/liangyi/SRS_AI/Model_AIIC_refactor/experiments_refactored/20260422_050408_full_mlp_capacity_search_v2/full_mlp_capacity_search_hd512_depth4,full_mlp_capacity_search_v2,full_mlp_capacity_search_hd512_depth4,supervised_nmse_plateau,full_mlp,12,6,jit,fp32,float32,1,1,ok,,64.874615,3,5,0.1079128,0.00490367076382581,0.102569,0.108108,0.1135412,0.1146196,0.11548232,0.115698,9266.741294823227,9.266741294823227,108.10799999999999,108.10799999999999,9266.741294823227,349328,348160,697560,single-thread,0.015625,0.0078125,Intel(R) Xeon(R) Platinum 8358 CPU $@ $@,AVX512,"avx2,avx512f,avx512bw,avx512vl,avx512_vnni,fma",True,True,,,,128,64,nex-flexran-gpu-01,3.11.9,2.1.2+cu121
20260424_104700,2026-04-24T10:49:46.509809,cpu,pytorch,full_mlp_capacity_search_hd512_depth4,/home/liangyi/SRS_AI/Model_AIIC_refactor/experiments_refactored/20260422_050408_full_mlp_capacity_search_v2/full_mlp_capacity_search_hd512_depth4,full_mlp_capacity_search_v2,full_mlp_capacity_search_hd512_depth4,supervised_nmse_plateau,full_mlp,12,6,jit,fp32,float32,128,1,ok,,69.365419,3,5,0.6187842,0.006403533349643787,0.610248,0.617398,0.6259594,0.6278992,0.6294510400000001,0.629839,206857.2533041406,206.8572533041406,617.398,4.823421875,206857.2533041406,349328,348160,697560,single-thread,0.015625,0.0078125,Intel(R) Xeon(R) Platinum 8358 CPU $@ $@,AVX512,"avx2,avx512f,avx512bw,avx512vl,avx512_vnni,fma",True,True,,,,128,64,nex-flexran-gpu-01,3.11.9,2.1.2+cu121
20260424_104700,2026-04-24T10:49:46.509809,cpu,onnxruntime,full_mlp_capacity_search_hd512_depth4,/home/liangyi/SRS_AI/Model_AIIC_refactor/experiments_refactored/20260422_050408_full_mlp_capacity_search_v2/full_mlp_capacity_search_hd512_depth4,full_mlp_capacity_search_v2,full_mlp_capacity_search_hd512_depth4,supervised_nmse_plateau,full_mlp,12,6,onnxruntime,fp32,float32,1,1,ok,,5.144412,3,5,0.0583648,0.002017201566527252,0.055838,0.057571,0.0607542,0.0607836,0.06080712,0.060813,17133.614781512144,17.133614781512144,57.571,57.571,17133.614781512144,349328,348160,697560,single-thread,0.015625,0.0078125,Intel(R) Xeon(R) Platinum 8358 CPU $@ $@,AVX512,"avx2,avx512f,avx512bw,avx512vl,avx512_vnni,fma",True,True,,1.23.2,CPUExecutionProvider,128,64,nex-flexran-gpu-01,3.11.9,2.1.2+cu121
20260424_104700,2026-04-24T10:49:46.509809,cpu,onnxruntime,full_mlp_capacity_search_hd512_depth4,/home/liangyi/SRS_AI/Model_AIIC_refactor/experiments_refactored/20260422_050408_full_mlp_capacity_search_v2/full_mlp_capacity_search_hd512_depth4,full_mlp_capacity_search_v2,full_mlp_capacity_search_hd512_depth4,supervised_nmse_plateau,full_mlp,12,6,onnxruntime,fp32,float32,128,1,ok,,5.911647,3,5,0.5897636,0.002243176462073359,0.586875,0.589547,0.5923654,0.5925312,0.59266384,0.592697,217036.11413115353,217.03611413115354,589.547,4.6058359375,217036.11413115353,349328,348160,697560,single-thread,0.015625,0.0078125,Intel(R) Xeon(R) Platinum 8358 CPU $@ $@,AVX512,"avx2,avx512f,avx512bw,avx512vl,avx512_vnni,fma",True,True,,1.23.2,CPUExecutionProvider,128,64,nex-flexran-gpu-01,3.11.9,2.1.2+cu121
20260424_104700,2026-04-24T10:49:46.509809,cpu,pytorch,full_mlp_capacity_search_hd512_depth5,/home/liangyi/SRS_AI/Model_AIIC_refactor/experiments_refactored/20260422_050408_full_mlp_capacity_search_v2/full_mlp_capacity_search_hd512_depth5,full_mlp_capacity_search_v2,full_mlp_capacity_search_hd512_depth5,supervised_nmse_plateau,full_mlp,12,6,jit,fp32,float32,1,1,ok,,69.878645,3,5,0.1587646,0.0033010513840290314,0.155446,0.157501,0.1627858,0.1629864,0.16314688,0.163187,6298.633322541675,6.298633322541675,157.501,157.501,6298.633322541675,611984,610304,1222360,single-thread,0.015625,0.0078125,Intel(R) Xeon(R) Platinum 8358 CPU $@ $@,AVX512,"avx2,avx512f,avx512bw,avx512vl,avx512_vnni,fma",True,True,,,,128,64,nex-flexran-gpu-01,3.11.9,2.1.2+cu121
20260424_104700,2026-04-24T10:49:46.509809,cpu,pytorch,full_mlp_capacity_search_hd512_depth5,/home/liangyi/SRS_AI/Model_AIIC_refactor/experiments_refactored/20260422_050408_full_mlp_capacity_search_v2/full_mlp_capacity_search_hd512_depth5,full_mlp_capacity_search_v2,full_mlp_capacity_search_hd512_depth5,supervised_nmse_plateau,full_mlp,12,6,jit,fp32,float32,128,1,ok,,76.872424,3,5,0.997197,0.002538779312976994,0.993198,0.998493,0.9995876,0.9997777999999999,0.99992996,0.999968,128359.79249837293,128.35979249837294,998.4929999999999,7.8007265624999995,128359.79249837293,611984,610304,1222360,single-thread,0.015625,0.0078125,Intel(R) Xeon(R) Platinum 8358 CPU $@ $@,AVX512,"avx2,avx512f,avx512bw,avx512vl,avx512_vnni,fma",True,True,,,,128,64,nex-flexran-gpu-01,3.11.9,2.1.2+cu121
20260424_104700,2026-04-24T10:49:46.509809,cpu,onnxruntime,full_mlp_capacity_search_hd512_depth5,/home/liangyi/SRS_AI/Model_AIIC_refactor/experiments_refactored/20260422_050408_full_mlp_capacity_search_v2/full_mlp_capacity_search_hd512_depth5,full_mlp_capacity_search_v2,full_mlp_capacity_search_hd512_depth5,supervised_nmse_plateau,full_mlp,12,6,onnxruntime,fp32,float32,1,1,ok,,6.443235,3,5,0.1076578,0.004222006414016915,0.102705,0.105961,0.1125722,0.1139056,0.11497231999999999,0.115239,9288.690647588934,9.288690647588934,105.961,105.961,9288.690647588934,611984,610304,1222360,single-thread,0.015625,0.0078125,Intel(R) Xeon(R) Platinum 8358 CPU $@ $@,AVX512,"avx2,avx512f,avx512bw,avx512vl,avx512_vnni,fma",True,True,,1.23.2,CPUExecutionProvider,128,64,nex-flexran-gpu-01,3.11.9,2.1.2+cu121
20260424_104700,2026-04-24T10:49:46.509809,cpu,onnxruntime,full_mlp_capacity_search_hd512_depth5,/home/liangyi/SRS_AI/Model_AIIC_refactor/experiments_refactored/20260422_050408_full_mlp_capacity_search_v2/full_mlp_capacity_search_hd512_depth5,full_mlp_capacity_search_v2,full_mlp_capacity_search_hd512_depth5,supervised_nmse_plateau,full_mlp,12,6,onnxruntime,fp32,float32,128,1,ok,,8.113067,3,5,0.9843270000000001,0.003114001091843091,0.979658,0.985162,0.987575,0.988143,0.9885974,0.988711,130038.08693655663,130.03808693655662,985.162,7.696578125,130038.08693655663,611984,610304,1222360,single-thread,0.015625,0.0078125,Intel(R) Xeon(R) Platinum 8358 CPU $@ $@,AVX512,"avx2,avx512f,avx512bw,avx512vl,avx512_vnni,fma",True,True,,1.23.2,CPUExecutionProvider,128,64,nex-flexran-gpu-01,3.11.9,2.1.2+cu121
20260424_104700,2026-04-24T10:49:46.509809,cpu,pytorch,full_mlp_capacity_search_hd64_depth2,/home/liangyi/SRS_AI/Model_AIIC_refactor/experiments_refactored/20260422_050408_full_mlp_capacity_search_v2/full_mlp_capacity_search_hd64_depth2,full_mlp_capacity_search_v2,full_mlp_capacity_search_hd64_depth2,supervised_nmse_plateau,full_mlp,12,6,jit,fp32,float32,1,1,ok,,53.192838,3,5,0.0438442,0.003466559181667031,0.039927,0.042618,0.0480808,0.0487774,0.04933468,0.049474,22808.03390186159,22.808033901861588,42.618,42.618,22808.03390186159,3600,3456,7128,single-thread,0.015625,0.0078125,Intel(R) Xeon(R) Platinum 8358 CPU $@ $@,AVX512,"avx2,avx512f,avx512bw,avx512vl,avx512_vnni,fma",True,True,,,,128,64,nex-flexran-gpu-01,3.11.9,2.1.2+cu121
20260424_104700,2026-04-24T10:49:46.509809,cpu,pytorch,full_mlp_capacity_search_hd64_depth2,/home/liangyi/SRS_AI/Model_AIIC_refactor/experiments_refactored/20260422_050408_full_mlp_capacity_search_v2/full_mlp_capacity_search_hd64_depth2,full_mlp_capacity_search_v2,full_mlp_capacity_search_hd64_depth2,supervised_nmse_plateau,full_mlp,12,6,jit,fp32,float32,128,1,ok,,55.114693,3,5,0.0647604,0.0051167851860323375,0.059149,0.062978,0.07104099999999999,0.071832,0.0724648,0.072623,1976516.5131778063,1976.5165131778062,62.97800000000001,0.49201562500000007,1976516.5131778063,3600,3456,7128,single-thread,0.015625,0.0078125,Intel(R) Xeon(R) Platinum 8358 CPU $@ $@,AVX512,"avx2,avx512f,avx512bw,avx512vl,avx512_vnni,fma",True,True,,,,128,64,nex-flexran-gpu-01,3.11.9,2.1.2+cu121
20260424_104700,2026-04-24T10:49:46.509809,cpu,onnxruntime,full_mlp_capacity_search_hd64_depth2,/home/liangyi/SRS_AI/Model_AIIC_refactor/experiments_refactored/20260422_050408_full_mlp_capacity_search_v2/full_mlp_capacity_search_hd64_depth2,full_mlp_capacity_search_v2,full_mlp_capacity_search_hd64_depth2,supervised_nmse_plateau,full_mlp,12,6,onnxruntime,fp32,float32,1,1,ok,,3.328718,3,5,0.0149504,0.0013404737371541448,0.013076,0.015105,0.0164018,0.0164364,0.01646408,0.016471,66887.84246575342,66.88784246575342,15.105,15.105,66887.84246575342,3600,3456,7128,single-thread,0.015625,0.0078125,Intel(R) Xeon(R) Platinum 8358 CPU $@ $@,AVX512,"avx2,avx512f,avx512bw,avx512vl,avx512_vnni,fma",True,True,,1.23.2,CPUExecutionProvider,128,64,nex-flexran-gpu-01,3.11.9,2.1.2+cu121
20260424_104700,2026-04-24T10:49:46.509809,cpu,onnxruntime,full_mlp_capacity_search_hd64_depth2,/home/liangyi/SRS_AI/Model_AIIC_refactor/experiments_refactored/20260422_050408_full_mlp_capacity_search_v2/full_mlp_capacity_search_hd64_depth2,full_mlp_capacity_search_v2,full_mlp_capacity_search_hd64_depth2,supervised_nmse_plateau,full_mlp,12,6,onnxruntime,fp32,float32,128,1,ok,,3.069456,3,5,0.0331488,0.0013870247870892572,0.031641,0.032558,0.0348642,0.0350786,0.035250119999999996,0.035293,3861376.580751038,3861.376580751038,32.558,0.254359375,3861376.580751038,3600,3456,7128,single-thread,0.015625,0.0078125,Intel(R) Xeon(R) Platinum 8358 CPU $@ $@,AVX512,"avx2,avx512f,avx512bw,avx512vl,avx512_vnni,fma",True,True,,1.23.2,CPUExecutionProvider,128,64,nex-flexran-gpu-01,3.11.9,2.1.2+cu121
20260424_104700,2026-04-24T10:49:46.509809,cpu,pytorch,full_mlp_capacity_search_hd64_depth3,/home/liangyi/SRS_AI/Model_AIIC_refactor/experiments_refactored/20260422_050408_full_mlp_capacity_search_v2/full_mlp_capacity_search_hd64_depth3,full_mlp_capacity_search_v2,full_mlp_capacity_search_hd64_depth3,supervised_nmse_plateau,full_mlp,12,6,jit,fp32,float32,1,1,ok,,58.473644,3,5,0.0491514,0.003011517132609408,0.045886,0.048363,0.0525294,0.053649199999999994,0.054545039999999996,0.054769,20345.300439051585,20.345300439051584,48.36300000000001,48.36300000000001,20345.300439051585,10960,10752,21784,single-thread,0.015625,0.0078125,Intel(R) Xeon(R) Platinum 8358 CPU $@ $@,AVX512,"avx2,avx512f,avx512bw,avx512vl,avx512_vnni,fma",True,True,,,,128,64,nex-flexran-gpu-01,3.11.9,2.1.2+cu121
20260424_104700,2026-04-24T10:49:46.509809,cpu,pytorch,full_mlp_capacity_search_hd64_depth3,/home/liangyi/SRS_AI/Model_AIIC_refactor/experiments_refactored/20260422_050408_full_mlp_capacity_search_v2/full_mlp_capacity_search_hd64_depth3,full_mlp_capacity_search_v2,full_mlp_capacity_search_hd64_depth3,supervised_nmse_plateau,full_mlp,12,6,jit,fp32,float32,128,1,ok,,60.916417,3,5,0.0807674,0.0031044540647270006,0.07669,0.080396,0.0843998,0.0847864,0.08509567999999999,0.085173,1584797.8268459798,1584.7978268459797,80.396,0.62809375,1584797.8268459798,10960,10752,21784,single-thread,0.015625,0.0078125,Intel(R) Xeon(R) Platinum 8358 CPU $@ $@,AVX512,"avx2,avx512f,avx512bw,avx512vl,avx512_vnni,fma",True,True,,,,128,64,nex-flexran-gpu-01,3.11.9,2.1.2+cu121
20260424_104700,2026-04-24T10:49:46.509809,cpu,onnxruntime,full_mlp_capacity_search_hd64_depth3,/home/liangyi/SRS_AI/Model_AIIC_refactor/experiments_refactored/20260422_050408_full_mlp_capacity_search_v2/full_mlp_capacity_search_hd64_depth3,full_mlp_capacity_search_v2,full_mlp_capacity_search_hd64_depth3,supervised_nmse_plateau,full_mlp,12,6,onnxruntime,fp32,float32,1,1,ok,,3.333739,3,5,0.0152266,0.0013320717097814216,0.013862,0.014735,0.0168688,0.0171124,0.01730728,0.017356,65674.54323355181,65.67454323355182,14.735,14.735,65674.54323355181,10960,10752,21784,single-thread,0.015625,0.0078125,Intel(R) Xeon(R) Platinum 8358 CPU $@ $@,AVX512,"avx2,avx512f,avx512bw,avx512vl,avx512_vnni,fma",True,True,,1.23.2,CPUExecutionProvider,128,64,nex-flexran-gpu-01,3.11.9,2.1.2+cu121
20260424_104700,2026-04-24T10:49:46.509809,cpu,onnxruntime,full_mlp_capacity_search_hd64_depth3,/home/liangyi/SRS_AI/Model_AIIC_refactor/experiments_refactored/20260422_050408_full_mlp_capacity_search_v2/full_mlp_capacity_search_hd64_depth3,full_mlp_capacity_search_v2,full_mlp_capacity_search_hd64_depth3,supervised_nmse_plateau,full_mlp,12,6,onnxruntime,fp32,float32,128,1,ok,,3.093914,3,5,0.0469286,0.0015290709074467406,0.045079,0.046638,0.048754399999999996,0.0490382,0.049265239999999995,0.049322,2727547.8066680017,2727.5478066680016,46.638,0.364359375,2727547.8066680017,10960,10752,21784,single-thread,0.015625,0.0078125,Intel(R) Xeon(R) Platinum 8358 CPU $@ $@,AVX512,"avx2,avx512f,avx512bw,avx512vl,avx512_vnni,fma",True,True,,1.23.2,CPUExecutionProvider,128,64,nex-flexran-gpu-01,3.11.9,2.1.2+cu121
20260424_104700,2026-04-24T10:49:46.509809,cpu,pytorch,full_mlp_capacity_search_hd64_depth4,/home/liangyi/SRS_AI/Model_AIIC_refactor/experiments_refactored/20260422_050408_full_mlp_capacity_search_v2/full_mlp_capacity_search_hd64_depth4,full_mlp_capacity_search_v2,full_mlp_capacity_search_hd64_depth4,supervised_nmse_plateau,full_mlp,12,6,jit,fp32,float32,1,1,ok,,62.882539,3,5,0.0496144,0.0027258352554767494,0.045663,0.049634,0.052649,0.0532,0.0536408,0.053751,20155.43874359057,20.15543874359057,49.634,49.634,20155.43874359057,15120,14848,30040,single-thread,0.015625,0.0078125,Intel(R) Xeon(R) Platinum 8358 CPU $@ $@,AVX512,"avx2,avx512f,avx512bw,avx512vl,avx512_vnni,fma",True,True,,,,128,64,nex-flexran-gpu-01,3.11.9,2.1.2+cu121
20260424_104700,2026-04-24T10:49:46.509809,cpu,pytorch,full_mlp_capacity_search_hd64_depth4,/home/liangyi/SRS_AI/Model_AIIC_refactor/experiments_refactored/20260422_050408_full_mlp_capacity_search_v2/full_mlp_capacity_search_hd64_depth4,full_mlp_capacity_search_v2,full_mlp_capacity_search_hd64_depth4,supervised_nmse_plateau,full_mlp,12,6,jit,fp32,float32,128,1,ok,,64.982569,3,5,0.0916832,0.003510346729313216,0.087312,0.090808,0.0958364,0.0960142,0.09615644,0.096192,1396111.8285574673,1396.1118285574673,90.80799999999999,0.7094374999999999,1396111.8285574673,15120,14848,30040,single-thread,0.015625,0.0078125,Intel(R) Xeon(R) Platinum 8358 CPU $@ $@,AVX512,"avx2,avx512f,avx512bw,avx512vl,avx512_vnni,fma",True,True,,,,128,64,nex-flexran-gpu-01,3.11.9,2.1.2+cu121
20260424_104700,2026-04-24T10:49:46.509809,cpu,onnxruntime,full_mlp_capacity_search_hd64_depth4,/home/liangyi/SRS_AI/Model_AIIC_refactor/experiments_refactored/20260422_050408_full_mlp_capacity_search_v2/full_mlp_capacity_search_hd64_depth4,full_mlp_capacity_search_v2,full_mlp_capacity_search_hd64_depth4,supervised_nmse_plateau,full_mlp,12,6,onnxruntime,fp32,float32,1,1,ok,,3.460786,3,5,0.0164244,0.001723747150831583,0.014857,0.015628,0.0185406,0.0190048,0.01937616,0.019469,60885.02471932004,60.88502471932004,15.628,15.628,60885.02471932004,15120,14848,30040,single-thread,0.015625,0.0078125,Intel(R) Xeon(R) Platinum 8358 CPU $@ $@,AVX512,"avx2,avx512f,avx512bw,avx512vl,avx512_vnni,fma",True,True,,1.23.2,CPUExecutionProvider,128,64,nex-flexran-gpu-01,3.11.9,2.1.2+cu121
20260424_104700,2026-04-24T10:49:46.509809,cpu,onnxruntime,full_mlp_capacity_search_hd64_depth4,/home/liangyi/SRS_AI/Model_AIIC_refactor/experiments_refactored/20260422_050408_full_mlp_capacity_search_v2/full_mlp_capacity_search_hd64_depth4,full_mlp_capacity_search_v2,full_mlp_capacity_search_hd64_depth4,supervised_nmse_plateau,full_mlp,12,6,onnxruntime,fp32,float32,128,1,ok,,3.212846,3,5,0.0555572,0.0015423304963593245,0.053737,0.055383,0.0573718,0.057517399999999996,0.05763388,0.057663,2303931.8036186127,2303.931803618613,55.383,0.4326796875,2303931.8036186127,15120,14848,30040,single-thread,0.015625,0.0078125,Intel(R) Xeon(R) Platinum 8358 CPU $@ $@,AVX512,"avx2,avx512f,avx512bw,avx512vl,avx512_vnni,fma",True,True,,1.23.2,CPUExecutionProvider,128,64,nex-flexran-gpu-01,3.11.9,2.1.2+cu121
20260424_104700,2026-04-24T10:49:46.509809,cpu,pytorch,full_mlp_capacity_search_hd64_depth5,/home/liangyi/SRS_AI/Model_AIIC_refactor/experiments_refactored/20260422_050408_full_mlp_capacity_search_v2/full_mlp_capacity_search_hd64_depth5,full_mlp_capacity_search_v2,full_mlp_capacity_search_hd64_depth5,supervised_nmse_plateau,full_mlp,12,6,jit,fp32,float32,1,1,ok,,95.50395,3,5,0.0554488,0.00405466548065312,0.050591,0.055528,0.0600334,0.0611402,0.06202564,0.062247,18034.655393804736,18.034655393804737,55.528,55.528,18034.655393804736,19280,18944,38296,single-thread,0.015625,0.0078125,Intel(R) Xeon(R) Platinum 8358 CPU $@ $@,AVX512,"avx2,avx512f,avx512bw,avx512vl,avx512_vnni,fma",True,True,,,,128,64,nex-flexran-gpu-01,3.11.9,2.1.2+cu121
20260424_104700,2026-04-24T10:49:46.509809,cpu,pytorch,full_mlp_capacity_search_hd64_depth5,/home/liangyi/SRS_AI/Model_AIIC_refactor/experiments_refactored/20260422_050408_full_mlp_capacity_search_v2/full_mlp_capacity_search_hd64_depth5,full_mlp_capacity_search_v2,full_mlp_capacity_search_hd64_depth5,supervised_nmse_plateau,full_mlp,12,6,jit,fp32,float32,128,1,ok,,69.887804,3,5,0.1124754,0.003923390910934061,0.106881,0.112819,0.1168226,0.1172508,0.11759336000000001,0.117679,1138026.6262667214,1138.0266262667215,112.819,0.8813984375,1138026.6262667214,19280,18944,38296,single-thread,0.015625,0.0078125,Intel(R) Xeon(R) Platinum 8358 CPU $@ $@,AVX512,"avx2,avx512f,avx512bw,avx512vl,avx512_vnni,fma",True,True,,,,128,64,nex-flexran-gpu-01,3.11.9,2.1.2+cu121
20260424_104700,2026-04-24T10:49:46.509809,cpu,onnxruntime,full_mlp_capacity_search_hd64_depth5,/home/liangyi/SRS_AI/Model_AIIC_refactor/experiments_refactored/20260422_050408_full_mlp_capacity_search_v2/full_mlp_capacity_search_hd64_depth5,full_mlp_capacity_search_v2,full_mlp_capacity_search_hd64_depth5,supervised_nmse_plateau,full_mlp,12,6,onnxruntime,fp32,float32,1,1,ok,,3.589226,3,5,0.017054,0.0015100676806024298,0.015413,0.016542,0.0188884,0.0190022,0.01909324,0.019116,58637.26984871584,58.63726984871584,16.542,16.542,58637.26984871584,19280,18944,38296,single-thread,0.015625,0.0078125,Intel(R) Xeon(R) Platinum 8358 CPU $@ $@,AVX512,"avx2,avx512f,avx512bw,avx512vl,avx512_vnni,fma",True,True,,1.23.2,CPUExecutionProvider,128,64,nex-flexran-gpu-01,3.11.9,2.1.2+cu121
20260424_104700,2026-04-24T10:49:46.509809,cpu,onnxruntime,full_mlp_capacity_search_hd64_depth5,/home/liangyi/SRS_AI/Model_AIIC_refactor/experiments_refactored/20260422_050408_full_mlp_capacity_search_v2/full_mlp_capacity_search_hd64_depth5,full_mlp_capacity_search_v2,full_mlp_capacity_search_hd64_depth5,supervised_nmse_plateau,full_mlp,12,6,onnxruntime,fp32,float32,128,1,ok,,3.292687,3,5,0.063637,0.0013689623807833446,0.062161,0.063383,0.0652762,0.0654276,0.06554872,0.065579,2011408.457343998,2011.408457343998,63.382999999999996,0.49517968749999997,2011408.457343998,19280,18944,38296,single-thread,0.015625,0.0078125,Intel(R) Xeon(R) Platinum 8358 CPU $@ $@,AVX512,"avx2,avx512f,avx512bw,avx512vl,avx512_vnni,fma",True,True,,1.23.2,CPUExecutionProvider,128,64,nex-flexran-gpu-01,3.11.9,2.1.2+cu121
